Url,Prediction
https://pbs.twimg.com/media/Alw-R-DCEAA-6l_.jpg,2
https://pbs.twimg.com/media/BbCWjQSCcAIr7IM.jpg,0
https://pbs.twimg.com/media/C1pozJYUAAEQNYZ.jpg,0
https://pbs.twimg.com/media/CYJFASmUEAA-7-I.jpg,2
https://pbs.twimg.com/media/CYJFe1kUsAE0mY1.jpg,0
https://pbs.twimg.com/media/Dgh_YJNVQAAARje.jpg,0
https://pbs.twimg.com/media/DkZjzy7UUAAT-5u.jpg,0
https://pbs.twimg.com/media/DUzKrxLXcAAou_A.jpg,2
https://pbs.twimg.com/media/E-aCjwLXIBAwbBu.jpg,2
https://pbs.twimg.com/media/E_SjXmFWUAgXtSZ.jpg,2
https://pbs.twimg.com/media/E8JgIMRXEAcU-gQ.jpg,2
https://pbs.twimg.com/media/EnHHtN6VEAAZySH.jpg,0
https://pbs.twimg.com/media/Ep3Hb75XYAERU7y.png,0
https://pbs.twimg.com/media/Ep3HdJ0XEAAnDjU.png,0
https://pbs.twimg.com/media/Era2n6sXAAAJV1e.png,2
https://pbs.twimg.com/media/Era2qp2XUAMBo3L.png,2
https://pbs.twimg.com/media/EwBRwp3U8AAY9rH.jpg,1
https://pbs.twimg.com/media/Ex0AUeDVEAQvtIr.jpg,1
https://pbs.twimg.com/media/FB0cXWrUcAAA7Jk.jpg,1
https://pbs.twimg.com/media/FBiqQM5XEAIh8Mi.jpg,0
https://pbs.twimg.com/media/FBiqQM7XEAEbPGv.jpg,0
https://pbs.twimg.com/media/FCLMxx0XMAUplUA.png,2
https://pbs.twimg.com/media/FCpy1hkXoAcgdFg.jpg,0
https://pbs.twimg.com/media/FCpy1zLWEAEysFb.jpg,0
https://pbs.twimg.com/media/FGzIk1jVUAI_HVS.jpg,2
https://pbs.twimg.com/media/FJFYpVdVEAMSQTt.jpg,0
https://pbs.twimg.com/media/FJibBcvVQAAvayK.jpg,2
https://pbs.twimg.com/media/FJibBcyUcAMOxLg.jpg,2
https://pbs.twimg.com/media/FL15665acAAJpdU.png,2
https://pbs.twimg.com/media/FLFbcgyaAAM62Z3.jpg,2
https://pbs.twimg.com/media/FLS_0g2VIAc0cBE.jpg,0
https://pbs.twimg.com/media/FLTSThSacAUcstK.jpg,0
https://pbs.twimg.com/media/FMM8E7TWYAMMhbM.jpg,0
https://pbs.twimg.com/media/FMM8EvCX0AQuDpe.jpg,0
https://pbs.twimg.com/media/FN-k9L3XwAAlarN.jpg,0
https://pbs.twimg.com/media/FN4haccXwAAkkmb.jpg,0
https://pbs.twimg.com/media/FN4hVgBXwAAR1sQ.jpg,0
https://pbs.twimg.com/media/FN4hWjLXMAQhlNs.jpg,0
https://pbs.twimg.com/media/FN4hY7sXEAQf2JW.jpg,0
https://pbs.twimg.com/media/FNdncx8VgAQJNtR.jpg,0
https://pbs.twimg.com/media/FNefHxYXoAM0y1l.jpg,1
https://pbs.twimg.com/media/FNepUckX0AExFAQ.jpg,2
https://pbs.twimg.com/media/FNepUckXoAAUCGI.jpg,2
https://pbs.twimg.com/media/FNKZkG4WUAQpmWb.jpg,0
https://pbs.twimg.com/media/FNlYuk2aQAMrKyP.jpg,0
https://pbs.twimg.com/media/FNlYukvaAAEMib7.jpg,0
https://pbs.twimg.com/media/FNsLA1NVcAEIlIQ.png,2
https://pbs.twimg.com/media/FNZdR5UVUAARUzD.jpg,0
https://pbs.twimg.com/media/FO-gMemWUAIO7Zz.jpg,1
https://pbs.twimg.com/media/FO-PJU0XsA0Kvc1.jpg,1
https://pbs.twimg.com/media/FO-qumaaMAU2_M5.jpg,2
https://pbs.twimg.com/media/FO_0ppvXwAAE-y6.jpg,2
https://pbs.twimg.com/media/FO_2KOtVgAE59hM.jpg,0
https://pbs.twimg.com/media/FO_3wBkWUAATawk.jpg,1
https://pbs.twimg.com/media/FO_42dWVIAMXEVQ.jpg,1
https://pbs.twimg.com/media/FO_4M38XoAAV5FU.jpg,2
https://pbs.twimg.com/media/FO_4NjVXEAMt6dW.jpg,2
https://pbs.twimg.com/media/FO_4NVQWUAIGfqt.jpg,2
https://pbs.twimg.com/media/FO_4X49XEAMZ6KU.jpg,0
https://pbs.twimg.com/media/FO_BffGXEAEqntR.jpg,1
https://pbs.twimg.com/media/FO_BgB-XMAA8H7X.jpg,2
https://pbs.twimg.com/media/FO_EcrfUcAMoCN0.jpg,0
https://pbs.twimg.com/media/FO_IrA9aQAEanSD.jpg,2
https://pbs.twimg.com/media/FO_IrBBacAg6s6J.jpg,0
https://pbs.twimg.com/media/FO_KuqdacAQM42t.jpg,0
https://pbs.twimg.com/media/FO_lnvLWQAUEZ1k.jpg,1
https://pbs.twimg.com/media/FO_PehFVgAQGBwq.jpg,0
https://pbs.twimg.com/media/FO_z25mWQAQG0j0.jpg,2
https://pbs.twimg.com/media/FO0ZfBSVcAAcj2D.jpg,1
https://pbs.twimg.com/media/FO1fAhWakAQgT5E.jpg,0
https://pbs.twimg.com/media/FO37fgsakAAhAr0.jpg,0
https://pbs.twimg.com/media/FO37fRXaQAA4gkY.jpg,2
https://pbs.twimg.com/media/FO3nXgKXsAYuBHI.jpg,0
https://pbs.twimg.com/media/FO3Wt12UcAIAPGM.jpg,2
https://pbs.twimg.com/media/FO3WVKfVcAEtwQt.jpg,0
https://pbs.twimg.com/media/FO4_SBGXwAMzd1m.jpg,2
https://pbs.twimg.com/media/FO4c0-FVQAAp9De.jpg,0
https://pbs.twimg.com/media/FO5-UO_UYAYSxlT.jpg,2
https://pbs.twimg.com/media/FO5cvm-X0AQCCZ7.jpg,1
https://pbs.twimg.com/media/FO5lwMkVcAQHAwD.jpg,0
https://pbs.twimg.com/media/FO5PlMkVgAE0oFc.jpg,0
https://pbs.twimg.com/media/FO6Ak9FWUA00N0e.jpg,0
https://pbs.twimg.com/media/FO6cDS8UcAM0E_d.png,2
https://pbs.twimg.com/media/FO6KmWHVIAAQWgN.png,2
https://pbs.twimg.com/media/FO6nWpNagAAy_JN.jpg,1
https://pbs.twimg.com/media/FO71PCYagAIHGdh.jpg,0
https://pbs.twimg.com/media/FO7Ac6xVgAI7BIN.jpg,1
https://pbs.twimg.com/media/FO7bs9uXIAAfzcU.jpg,0
https://pbs.twimg.com/media/FO7Dc1_VsAAZ0-p.jpg,2
https://pbs.twimg.com/media/FO7FFn7UcAA11gg.jpg,0
https://pbs.twimg.com/media/FO7Gaj7VsAErPA7.jpg,0
https://pbs.twimg.com/media/FO7Hko2VQAEE6rm.jpg,0
https://pbs.twimg.com/media/FO7IXtsagAMJ51Q.jpg,0
https://pbs.twimg.com/media/FO7kCKgVkAM19Es.jpg,0
https://pbs.twimg.com/media/FO7MT00acAIDclk.jpg,0
https://pbs.twimg.com/media/FO7rNV4aUAY6Lkw.jpg,2
https://pbs.twimg.com/media/FO8biy5VIAE_W_g.jpg,0
https://pbs.twimg.com/media/FO8cjtFVcAAZlY0.jpg,0
https://pbs.twimg.com/media/FO8cmgGaIA0TOux.jpg,0
https://pbs.twimg.com/media/FO8coslVkAcdFqw.jpg,0
https://pbs.twimg.com/media/FO8cosnVIAAn_SZ.jpg,0
https://pbs.twimg.com/media/FO8cPr4XsBA6LtB.jpg,0
https://pbs.twimg.com/media/FO8cptZXsAcphnA.jpg,0
https://pbs.twimg.com/media/FO8cqusWUAgER_4.jpg,2
https://pbs.twimg.com/media/FO8cr0TVEAASPKG.jpg,2
https://pbs.twimg.com/media/FO8IScjVUAA87S2.jpg,0
https://pbs.twimg.com/media/FO8jAJBXwAwTOZO.jpg,1
https://pbs.twimg.com/media/FO8R1eeXIActPmG.jpg,0
https://pbs.twimg.com/media/FO8SfvYVQAAuGYP.jpg,2
https://pbs.twimg.com/media/FO90SOQXwAINuI3.jpg,0
https://pbs.twimg.com/media/FO94dKsVEAQabFU.jpg,1
https://pbs.twimg.com/media/FO94HAnXEAs5lmQ.jpg,0
https://pbs.twimg.com/media/FO94iOFVsAAjm06.jpg,1
https://pbs.twimg.com/media/FO94jQYX0AQMF1h.jpg,1
https://pbs.twimg.com/media/FO94MJ7XoAoPYk2.jpg,0
https://pbs.twimg.com/media/FO94mjzUYAA401d.jpg,1
https://pbs.twimg.com/media/FO94MzbX0AQPtAU.jpg,0
https://pbs.twimg.com/media/FO94nc5XMAMkPA7.jpg,1
https://pbs.twimg.com/media/FO94o-AXIAILlk1.jpg,1
https://pbs.twimg.com/media/FO94q6SXEAMtJ--.jpg,1
https://pbs.twimg.com/media/FO94QBoVIAAk36a.jpg,0
https://pbs.twimg.com/media/FO94R6pXoA8MxEc.jpg,0
https://pbs.twimg.com/media/FO94XFJXMAUiTpH.jpg,1
https://pbs.twimg.com/media/FO94YcYagAEwkVI.jpg,2
https://pbs.twimg.com/media/FO94yrYXEA0ooWB.jpg,1
https://pbs.twimg.com/media/FO96U5dXoAsDjb2.jpg,0
https://pbs.twimg.com/media/FO96UfTWUAsYdyv.jpg,0
https://pbs.twimg.com/media/FO96UIpWYAgUA9f.jpg,0
https://pbs.twimg.com/media/FO96VeeX0A8umE5.jpg,0
https://pbs.twimg.com/media/FO97bAzXEAcJB7Y.jpg,0
https://pbs.twimg.com/media/FO97F0dX0AMsLRM.jpg,2
https://pbs.twimg.com/media/FO97Qy4XoAI2xSQ.jpg,0
https://pbs.twimg.com/media/FO97SAhXwAQ6HOk.jpg,0
https://pbs.twimg.com/media/FO97T1_XwAYQBh8.jpg,2
https://pbs.twimg.com/media/FO97ZTXVEAEjXtb.jpg,0
https://pbs.twimg.com/media/FO9iapTWQAEITZO.jpg,1
https://pbs.twimg.com/media/FO9ixlWWUAQisyF.jpg,0
https://pbs.twimg.com/media/FO9iyFuXMAMBGWG.jpg,0
https://pbs.twimg.com/media/FO9izqLXwAI-tgR.jpg,2
https://pbs.twimg.com/media/FO9j50MWQAQpjlc.jpg,0
https://pbs.twimg.com/media/FO9MGrQX0AYBc1X.png,2
https://pbs.twimg.com/media/FO9O8rGWUAsRRL2.jpg,2
https://pbs.twimg.com/media/FO9p_e-XwAIKZVR.jpg,0
https://pbs.twimg.com/media/FO9pS9qXsAMkRA4.jpg,0
https://pbs.twimg.com/media/FO9R085XwAw-SAU.jpg,2
https://pbs.twimg.com/media/FO9r7J7WUAAvCUx.jpg,2
https://pbs.twimg.com/media/FO9Sj3QUcAMVKD5.jpg,2
https://pbs.twimg.com/media/FO9tR40XoAU15Fg.jpg,0
https://pbs.twimg.com/media/FO9tTnMWQAQ0D0U.jpg,0
https://pbs.twimg.com/media/FO9u_MEXIAQ93c7.jpg,0
https://pbs.twimg.com/media/FO9u80oXEAklTLJ.jpg,2
https://pbs.twimg.com/media/FO9uuk4XEAI1gEp.jpg,0
https://pbs.twimg.com/media/FO9vATjWQAIHpO9.jpg,0
https://pbs.twimg.com/media/FO9vATkWQAk3vDA.jpg,0
https://pbs.twimg.com/media/FO9vE1kXwAgx0Q0.jpg,0
https://pbs.twimg.com/media/FO9vE1XXoAMyC-Q.jpg,0
https://pbs.twimg.com/media/FO9vE2SXoAY_HTA.jpg,0
https://pbs.twimg.com/media/FO9veUOaMAA0lZh.jpg,2
https://pbs.twimg.com/media/FO9vGKQUcAAA5At.jpg,0
https://pbs.twimg.com/media/FO9vHfCX0AwgKEd.jpg,0
https://pbs.twimg.com/media/FO9vINHWYAYwfCM.jpg,0
https://pbs.twimg.com/media/FO9vreOXsAMFl-k.jpg,2
https://pbs.twimg.com/media/FO9waWdX0AMmdlg.jpg,0
https://pbs.twimg.com/media/FO9waWeWYAMdbmD.jpg,0
https://pbs.twimg.com/media/FO9waWfXIA0QeF4.jpg,0
https://pbs.twimg.com/media/FO9weS1WQAAou5U.jpg,0
https://pbs.twimg.com/media/FO9wQnfXsAAy9DT.jpg,2
https://pbs.twimg.com/media/FO9wRiSVgAAMdq4.jpg,0
https://pbs.twimg.com/media/FO9wSHpXsAAWKb2.jpg,0
https://pbs.twimg.com/media/FO9wTN7WYAsLDft.jpg,0
https://pbs.twimg.com/media/FO9wWTwWYAUKYG8.jpg,0
https://pbs.twimg.com/media/FO9wX8GWUAYPuMR.jpg,0
https://pbs.twimg.com/media/FO9wXv6XsA0Nh3-.jpg,0
https://pbs.twimg.com/media/FO9wXwPWQBE0kKK.jpg,0
https://pbs.twimg.com/media/FO9wY01X0AkywTo.jpg,0
https://pbs.twimg.com/media/FO9x-bIXoAIOOoj.jpg,1
https://pbs.twimg.com/media/FO9x_q8XEAo845I.jpg,1
https://pbs.twimg.com/media/FO9x0hvXoA0Sn3v.jpg,1
https://pbs.twimg.com/media/FO9x0LtaQAAmug5.jpg,2
https://pbs.twimg.com/media/FO9x1R9WQAA87qm.jpg,2
https://pbs.twimg.com/media/FO9x1UOXsAYjOD9.jpg,2
https://pbs.twimg.com/media/FO9x4ucWQAknAU3.jpg,1
https://pbs.twimg.com/media/FO9x5M7WQAMAyze.jpg,0
https://pbs.twimg.com/media/FO9x7cmXoAolhIE.jpg,1
https://pbs.twimg.com/media/FO9x923WUAEqZDt.jpg,2
https://pbs.twimg.com/media/FO9XkrFWUAERSdI.jpg,2
https://pbs.twimg.com/media/FO9xM2qXMAI1-7L.jpg,2
https://pbs.twimg.com/media/FO9xoNmXwAQFHWh.jpg,0
https://pbs.twimg.com/media/FO9XoRtXoAMJsOH.png,1
https://pbs.twimg.com/media/FO9xq2DUYAMLal6.jpg,0
https://pbs.twimg.com/media/FO9xu39XwAQ5bF9.jpg,2
https://pbs.twimg.com/media/FO9xuCnXIAIuFwu.jpg,2
https://pbs.twimg.com/media/FO9xwh0X0AgD6IR.jpg,2
https://pbs.twimg.com/media/FO9xxl4XMAkvKCw.jpg,0
https://pbs.twimg.com/media/FO9xyjTX0AkBR6m.jpg,1
https://pbs.twimg.com/media/FO9xyvZXoAI35pV.jpg,1
https://pbs.twimg.com/media/FO9xz4fUYAc--Yh.jpg,1
https://pbs.twimg.com/media/FO9xzR-UYAAr3Xz.jpg,1
https://pbs.twimg.com/media/FO9yAttXsAAZAim.jpg,1
https://pbs.twimg.com/media/FO9yDKyWUAINMFh.jpg,1
https://pbs.twimg.com/media/FO9yEPrXwAEOoIH.jpg,1
https://pbs.twimg.com/media/FO9yFStXIAIxJW5.jpg,1
https://pbs.twimg.com/media/FO9yGdLWUAYmx97.jpg,1
https://pbs.twimg.com/media/FO9yGhxWYAckBiw.jpg,1
https://pbs.twimg.com/media/FO9yGJbWQAgOMzn.jpg,1
https://pbs.twimg.com/media/FO9zi1_VQAAYej-.jpg,0
https://pbs.twimg.com/media/FOa0sUtXoAEYLae.jpg,2
https://pbs.twimg.com/media/FOabRgXVEAgPczO.jpg,0
https://pbs.twimg.com/media/FOaYwPPWYAEmTUG.jpg,0
https://pbs.twimg.com/media/FOGbbLeXoAM1Kcs.png,2
https://pbs.twimg.com/media/FOhlAg-WUAs5Y0R.jpg,2
https://pbs.twimg.com/media/FOjGwbNaUAAzF_Y.jpg,1
https://pbs.twimg.com/media/FOJW-tbXsAIaaAu.jpg,0
https://pbs.twimg.com/media/FOJW-teX0AARXQd.jpg,0
https://pbs.twimg.com/media/FOL27QQVkAUTAI7.jpg,0
https://pbs.twimg.com/media/FOMtSHcVgAManmY.jpg,0
https://pbs.twimg.com/media/FOofKWtXwAEYzdx.jpg,0
https://pbs.twimg.com/media/FOprPyhUcCcc-cl.jpg,2
https://pbs.twimg.com/media/FOpYiFjakAANnc8.jpg,0
https://pbs.twimg.com/media/FOroUwVVcAU-DEY.jpg,2
https://pbs.twimg.com/media/FOsRvBTaMAMkJAN.jpg,0
https://pbs.twimg.com/media/FOZeq7cVEAMuqiG.jpg,0
https://pbs.twimg.com/media/FPA3zWlagAQdOOn.jpg,0
https://pbs.twimg.com/media/FPa5rfsWQAYcOtE.jpg,1
https://pbs.twimg.com/media/FPa865uXIAA433n.jpg,0
https://pbs.twimg.com/media/FPa87uTWYAYfzbQ.jpg,0
https://pbs.twimg.com/media/FPa88xGXoAA5edJ.jpg,0
https://pbs.twimg.com/media/FPAfzEgWQAAU2-6.jpg,1
https://pbs.twimg.com/media/FPAoEqHaIAUuzax.jpg,2
https://pbs.twimg.com/media/FPaP0r5WYAACvhM.jpg,0
https://pbs.twimg.com/media/FPAQOCDVUAYrwmj.jpg,0
https://pbs.twimg.com/media/FParld8XwAMQsVE.jpg,1
https://pbs.twimg.com/media/FPArPtPaQAY32Yq.jpg,0
https://pbs.twimg.com/media/FPAv4CJaIAU_Giu.jpg,0
https://pbs.twimg.com/media/FPAv5X7VIAII6ro.jpg,0
https://pbs.twimg.com/media/FPAv7bgXwAkjKQo.jpg,2
https://pbs.twimg.com/media/FPAv8yAaUAcSTv3.jpg,2
https://pbs.twimg.com/media/FPAvwigVcAMyBAy.jpg,0
https://pbs.twimg.com/media/FPAwcbfXEAgAdI-.jpg,1
https://pbs.twimg.com/media/FPAwcJsXMAQ7jCk.jpg,1
https://pbs.twimg.com/media/FPAweqKXEAIsXaR.jpg,1
https://pbs.twimg.com/media/FPAwI-aakAEsrEb.jpg,0
https://pbs.twimg.com/media/FPAwklpXEAcLbyP.jpg,2
https://pbs.twimg.com/media/FPAwKMzXsAE439e.png,2
https://pbs.twimg.com/media/FPAwLC7XEAIzMm2.jpg,1
https://pbs.twimg.com/media/FPAwoWxXsAIADC2.jpg,1
https://pbs.twimg.com/media/FPAwR8IXsAgExi-.jpg,1
https://pbs.twimg.com/media/FPAwRN8VQAEj_1D.jpg,2
https://pbs.twimg.com/media/FPAwY7RVUAMZw8p.jpg,1
https://pbs.twimg.com/media/FPAwZL4WQAYj4Px.jpg,2
https://pbs.twimg.com/media/FPaX-CKagAAfUpO.jpg,0
https://pbs.twimg.com/media/FPaypBPUcAMnhuR.jpg,0
https://pbs.twimg.com/media/FPB-8vJVQAAF5id.jpg,1
https://pbs.twimg.com/media/FPb0FmNVkAQhgV5.jpg,1
https://pbs.twimg.com/media/FPb0FmPVgAAZQt_.jpg,2
https://pbs.twimg.com/media/FPb2us8aUAAxzBz.jpg,1
https://pbs.twimg.com/media/FPB4a6iVsAA5AZR.jpg,2
https://pbs.twimg.com/media/FPB4aSCUcAcc4-u.jpg,2
https://pbs.twimg.com/media/FPB4bfKVEAAgSlA.jpg,2
https://pbs.twimg.com/media/FPB4cC3VUAApNGH.jpg,2
https://pbs.twimg.com/media/FPb5Uc8acAASCoN.jpg,0
https://pbs.twimg.com/media/FPbaUO0WYAAGQR3.jpg,2
https://pbs.twimg.com/media/FPbb--KacAMMS9o.jpg,0
https://pbs.twimg.com/media/FPbb_UEUcAInfxp.jpg,0
https://pbs.twimg.com/media/FPbb_UEVUAMXyf0.jpg,0
https://pbs.twimg.com/media/FPbb3CEVsAINbVC.jpg,0
https://pbs.twimg.com/media/FPbbdyfXIAM3hjQ.jpg,0
https://pbs.twimg.com/media/FPbcAq7XEAcqihf.jpg,0
https://pbs.twimg.com/media/FPbcHO7XsA06RDj.jpg,1
https://pbs.twimg.com/media/FPbcJr3XEAEtg0X.jpg,2
https://pbs.twimg.com/media/FPbcQTvXsAgE_nZ.jpg,1
https://pbs.twimg.com/media/FPbcSEyXIAgRcva.jpg,1
https://pbs.twimg.com/media/FPbcTEIX0AMvpBI.jpg,2
https://pbs.twimg.com/media/FPbcTEJWYAU0EJN.jpg,2
https://pbs.twimg.com/media/FPbcTEJXMAMSn-E.jpg,2
https://pbs.twimg.com/media/FPbcTELWYAcSuRt.jpg,2
https://pbs.twimg.com/media/FPbcX8aX0AMTyJn.jpg,1
https://pbs.twimg.com/media/FPbdNHFWUAIotwT.jpg,1
https://pbs.twimg.com/media/FPbdNHJXoAQhVjY.jpg,1
https://pbs.twimg.com/media/FPbNnLkaIAMffYc.jpg,2
https://pbs.twimg.com/media/FPbNnQfakAAn-mM.jpg,2
https://pbs.twimg.com/media/FPBOKN4XoAQmBKc.jpg,1
https://pbs.twimg.com/media/FPBTdh2WUAQUV5z.jpg,1
https://pbs.twimg.com/media/FPbufHKXEAM_kA6.jpg,0
https://pbs.twimg.com/media/FPbVoBsXoAUry1x.jpg,2
https://pbs.twimg.com/media/FPBwht5aIAE1Jlv.jpg,2
https://pbs.twimg.com/media/FPbwIBTXIAgUpuV.jpg,2
https://pbs.twimg.com/media/FPC-2JfXMAgwoLV.jpg,0
https://pbs.twimg.com/media/FPc-rMsaMAEmwCD.jpg,0
https://pbs.twimg.com/media/FPc7ND8WYAMte-U.jpg,0
https://pbs.twimg.com/media/FPcAJbCXEAAMKCz.jpg,0
https://pbs.twimg.com/media/FPcayFbUYAEMrqs.jpg,0
https://pbs.twimg.com/media/FPcBc9XWUAAB5W0.jpg,2
https://pbs.twimg.com/media/FPcBD-eWYAAhT_Q.jpg,0
https://pbs.twimg.com/media/FPcBfCwWQAM_7Z0.jpg,2
https://pbs.twimg.com/media/FPcBgU4UcAEgocS.jpg,0
https://pbs.twimg.com/media/FPcBi7lWUAYM7Bz.jpg,0
https://pbs.twimg.com/media/FPcBi7mX0AwzcSG.jpg,0
https://pbs.twimg.com/media/FPcBi7nXwAUWlT-.jpg,0
https://pbs.twimg.com/media/FPcBiqzX0AkbBPe.jpg,0
https://pbs.twimg.com/media/FPcBmgDXIAc3-R3.jpg,2
https://pbs.twimg.com/media/FPcCH5gVQAA5tGI.jpg,0
https://pbs.twimg.com/media/FPCe1NPX0Asb-vz.jpg,2
https://pbs.twimg.com/media/FPCe1NQWQAA9SSa.jpg,2
https://pbs.twimg.com/media/FPCe1NWXEAo2DG2.jpg,2
https://pbs.twimg.com/media/FPcfGY1WQAkG3ej.jpg,2
https://pbs.twimg.com/media/FPcfLZmWUAwHbDt.jpg,2
https://pbs.twimg.com/media/FPcfx9ZVIAExNln.jpg,2
https://pbs.twimg.com/media/FPcJwpTXwAEa5D2.jpg,0
https://pbs.twimg.com/media/FPcKb4sWYAUWeD_.jpg,2
https://pbs.twimg.com/media/FPcN2ICVgAE9WeK.jpg,0
https://pbs.twimg.com/media/FPcnnQrXoAgAgrU.jpg,2
https://pbs.twimg.com/media/FPcnp1EXEAM9yxi.jpg,2
https://pbs.twimg.com/media/FPcPXs9XoAY11eA.jpg,2
https://pbs.twimg.com/media/FPcPXsEX0A0ZrZg.jpg,2
https://pbs.twimg.com/media/FPcPXsTXwAkMlFj.jpg,2
https://pbs.twimg.com/media/FPCQ7mdWUAYPHkQ.jpg,2
https://pbs.twimg.com/media/FPcucJhWYBM_Omo.jpg,2
https://pbs.twimg.com/media/FPcucJjX0AYGgaR.jpg,2
https://pbs.twimg.com/media/FPcz0x4X0AIaLVe.jpg,2
https://pbs.twimg.com/media/FPd_U--WUAQcDFk.jpg,2
https://pbs.twimg.com/media/FPd_U--WYAMH004.jpg,2
https://pbs.twimg.com/media/FPd2XZQaAAEYkGZ.jpg,1
https://pbs.twimg.com/media/FPd2YP4XEAEc_yc.jpg,2
https://pbs.twimg.com/media/FPd5jRLX0AY5ngb.jpg,2
https://pbs.twimg.com/media/FPD7Fz3VEAABo0L.jpg,0
https://pbs.twimg.com/media/FPd9iuUXMAEatoN.jpg,2
https://pbs.twimg.com/media/FPd9spsX0AEuJlP.jpg,2
https://pbs.twimg.com/media/FPDCrrFakAI8oCH.jpg,0
https://pbs.twimg.com/media/FPdCWicUYAEbCy4.jpg,2
https://pbs.twimg.com/media/FPDdLvuXwAU3qua.jpg,1
https://pbs.twimg.com/media/FPdepFjWQAMjvzx.jpg,2
https://pbs.twimg.com/media/FPDJSOZWQAAnj_A.jpg,2
https://pbs.twimg.com/media/FPDOHzDXIAgixhp.jpg,0
https://pbs.twimg.com/media/FPDOJ4bVUAEnCOz.jpg,2
https://pbs.twimg.com/media/FPDOKNRXEA0Vrsy.jpg,2
https://pbs.twimg.com/media/FPDOMQOWQAQczrI.jpg,0
https://pbs.twimg.com/media/FPDON6XaQAEfNjP.jpg,0
https://pbs.twimg.com/media/FPDOOzzaQAALSRG.jpg,0
https://pbs.twimg.com/media/FPDOP-VaMAYDRM6.jpg,0
https://pbs.twimg.com/media/FPDOPuTXsAkdXDR.jpg,0
https://pbs.twimg.com/media/FPDOQreXEAU1ba-.jpg,0
https://pbs.twimg.com/media/FPDOSQnXoAkzZRE.jpg,2
https://pbs.twimg.com/media/FPDOT63akAEtn0f.jpg,0
https://pbs.twimg.com/media/FPDOUBiVkAEi5-E.jpg,0
https://pbs.twimg.com/media/FPDOV5BWUAMLv7m.jpg,0
https://pbs.twimg.com/media/FPdplVYVkAMBlXr.jpg,1
https://pbs.twimg.com/media/FPDQaclaAAEcX34.jpg,2
https://pbs.twimg.com/media/FPDQD2ZVcAAb-ab.jpg,1
https://pbs.twimg.com/media/FPDQD9sVsAIYft-.jpg,1
https://pbs.twimg.com/media/FPDQFKQWQAAk2P5.jpg,1
https://pbs.twimg.com/media/FPDQGMWXMAIO4jb.jpg,1
https://pbs.twimg.com/media/FPDQH-cXIBECfDq.jpg,1
https://pbs.twimg.com/media/FPDQHmHXwAEzd1s.jpg,2
https://pbs.twimg.com/media/FPDQK5mWYAUCSDl.jpg,1
https://pbs.twimg.com/media/FPDQKUVXIAYMCmR.jpg,1
https://pbs.twimg.com/media/FPE-wLRVsAAGN-P.jpg,2
https://pbs.twimg.com/media/FPe0fsuXIAE-ePP.jpg,1
https://pbs.twimg.com/media/FPe0pIfXIAIzkUo.jpg,0
https://pbs.twimg.com/media/FPe3wwkacAA5ptT.jpg,2
https://pbs.twimg.com/media/FPeB68qVsAA_VZS.jpg,0
https://pbs.twimg.com/media/FPeB7u_UcAgHQ1_.jpg,0
https://pbs.twimg.com/media/FPeB8sTVsAkZ7F-.jpg,0
https://pbs.twimg.com/media/FPeEJSgVsAEVmWz.jpg,2
https://pbs.twimg.com/media/FPeEJSIVUAY7UAQ.jpg,2
https://pbs.twimg.com/media/FPeFNYcXsAAPAzC.jpg,2
https://pbs.twimg.com/media/FPeFyV_XwAYfbiJ.jpg,2
https://pbs.twimg.com/media/FPeGF5MX0AMfGfS.jpg,2
https://pbs.twimg.com/media/FPeGQA3VkAI5LQN.jpg,1
https://pbs.twimg.com/media/FPeJLd9acAUjNj_.jpg,2
https://pbs.twimg.com/media/FPeJzgAXwAA7HNr.jpg,2
https://pbs.twimg.com/media/FPeKdlzVgAEcIsK.jpg,2
https://pbs.twimg.com/media/FPeKVeRXwAUOmnp.jpg,2
https://pbs.twimg.com/media/FPeLcZ7XMAM6xtV.jpg,0
https://pbs.twimg.com/media/FPeN7o9UYAIcPK_.jpg,2
https://pbs.twimg.com/media/FPera_PVcAQUwN-.jpg,2
https://pbs.twimg.com/media/FPeSk_tXEAIZ6sf.jpg,1
https://pbs.twimg.com/media/FPeTcPkXwAIAdp3.jpg,2
https://pbs.twimg.com/media/FPeuMRPWYAMSF5b.jpg,1
https://pbs.twimg.com/media/FPeW7REWUAUVfWV.jpg,1
https://pbs.twimg.com/media/FPeww_gWQAMAp0f.jpg,1
https://pbs.twimg.com/media/FPexs1faQAY53z1.jpg,2
https://pbs.twimg.com/media/FPexs1gaIAEtF3J.jpg,2
https://pbs.twimg.com/media/FPeySbSaQAcWqke.jpg,2
https://pbs.twimg.com/media/FPeZLQnXoAALELg.jpg,0
https://pbs.twimg.com/media/FPf_cnmaUAMsc9C.jpg,1
https://pbs.twimg.com/media/FPf24ArXMAkpvZa.jpg,0
https://pbs.twimg.com/media/FPf5dHaaIAc-XIp.jpg,2
https://pbs.twimg.com/media/FPf5dHcaQAQOPGq.jpg,2
https://pbs.twimg.com/media/FPf5TpNXoAI4G44.jpg,0
https://pbs.twimg.com/media/FPfCtfsaIAEJypl.jpg,0
https://pbs.twimg.com/media/FPfCX99WQAsgS_o.jpg,0
https://pbs.twimg.com/media/FPfd-H1aAAAB9Sq.jpg,1
https://pbs.twimg.com/media/FPfd-HyaAAQZIc3.jpg,1
https://pbs.twimg.com/media/FPfd-IIaAAExBl1.jpg,1
https://pbs.twimg.com/media/FPfd-JJaIAIUVjE.jpg,1
https://pbs.twimg.com/media/FPfd13nWQAIlll0.jpg,0
https://pbs.twimg.com/media/FPfd1E9VQAIBfxG.jpg,0
https://pbs.twimg.com/media/FPfd1m8XoAMfhPP.jpg,0
https://pbs.twimg.com/media/FPfd2QEXEAIL5AJ.jpg,0
https://pbs.twimg.com/media/FPfd3ToakAIAEGG.jpg,0
https://pbs.twimg.com/media/FPfd9nwWUAQwsbz.png,1
https://pbs.twimg.com/media/FPfeC_GVIAAj-h8.jpg,1
https://pbs.twimg.com/media/FPfeXyGVkAsVKeh.jpg,2
https://pbs.twimg.com/media/FPfJUGmXEAACEzq.jpg,2
https://pbs.twimg.com/media/FPfk43takAI2VIo.jpg,0
https://pbs.twimg.com/media/FPfk43vaMAsINtV.jpg,0
https://pbs.twimg.com/media/FPfk72cWYAQCcxw.png,2
https://pbs.twimg.com/media/FPfkbWzXwAAnrrO.jpg,2
https://pbs.twimg.com/media/FPfKd8lVEAA6Z5A.jpg,0
https://pbs.twimg.com/media/FPfkH5ragAMzgjw.jpg,0
https://pbs.twimg.com/media/FPfKju9VQAUi3og.jpg,0
https://pbs.twimg.com/media/FPfkme4aMAUHKNv.jpg,1
https://pbs.twimg.com/media/FPfkq5IXIAQI6oJ.jpg,1
https://pbs.twimg.com/media/FPfkVA0WQAAw5Bi.jpg,0
https://pbs.twimg.com/media/FPfkw2maUAkpAPG.jpg,2
https://pbs.twimg.com/media/FPfkw2zaIAM4_oT.jpg,1
https://pbs.twimg.com/media/FPfkwxhVUAMfkRi.jpg,1
https://pbs.twimg.com/media/FPfkX9VVgAMGkat.jpg,0
https://pbs.twimg.com/media/FPfky09XMAMAVJY.jpg,1
https://pbs.twimg.com/media/FPfky0XXIAAatz-.jpg,1
https://pbs.twimg.com/media/FPflGbTWQAgCpnK.jpg,1
https://pbs.twimg.com/media/FPflGhvVEAY98mD.jpg,2
https://pbs.twimg.com/media/FPfNCHQaIAUtvhz.jpg,0
https://pbs.twimg.com/media/FPFnhjuacAEuKho.jpg,2
https://pbs.twimg.com/media/FPfNn7cUcAAw_pL.jpg,0
https://pbs.twimg.com/media/FPFol8QVgAQHb8o.jpg,0
https://pbs.twimg.com/media/FPfoSb2VgAAuV6M.jpg,0
https://pbs.twimg.com/media/FPfQ-dDXwAIKe8i.jpg,2
https://pbs.twimg.com/media/FPfrkwRXMAkevzG.jpg,0
https://pbs.twimg.com/media/FPfS0cQX0AgFqeZ.jpg,1
https://pbs.twimg.com/media/FPfUVR0WYAEYjVg.jpg,0
https://pbs.twimg.com/media/FPfytrvUcAAfOyM.jpg,2
https://pbs.twimg.com/media/FPfyuJYVkAI4GuE.jpg,2
https://pbs.twimg.com/media/FPg3-DRWYAI2Nwb.jpg,1
https://pbs.twimg.com/media/FPg3-l6X0AA-08C.jpg,0
https://pbs.twimg.com/media/FPg3_2SVsAArKjj.jpg,1
https://pbs.twimg.com/media/FPg325NXwA067-7.jpg,0
https://pbs.twimg.com/media/FPg325PXMAoedeF.jpg,0
https://pbs.twimg.com/media/FPg34QlXoAclIDs.jpg,2
https://pbs.twimg.com/media/FPg3808WYAEnYX3.jpg,0
https://pbs.twimg.com/media/FPg3881XIAsi6Bd.jpg,2
https://pbs.twimg.com/media/FPg388nXoAUFz_1.jpg,2
https://pbs.twimg.com/media/FPg388qWUAI6JPa.jpg,2
https://pbs.twimg.com/media/FPg38xZVIAIIHU7.jpg,0
https://pbs.twimg.com/media/FPg4CReWYAA3-Uh.jpg,1
https://pbs.twimg.com/media/FPg4erIXsAEiGgO.jpg,2
https://pbs.twimg.com/media/FPg4erOWYAAR5ab.jpg,2
https://pbs.twimg.com/media/FPg4Fa4XMAA72hZ.jpg,1
https://pbs.twimg.com/media/FPg4FazX0AgifMX.jpg,1
https://pbs.twimg.com/media/FPg4Fc6XMBAeTdu.jpg,1
https://pbs.twimg.com/media/FPg4Fe6X0AUC2Kg.jpg,1
https://pbs.twimg.com/media/FPg4I31XoAAW_uw.jpg,2
https://pbs.twimg.com/media/FPg4JwtXEA4z95B.jpg,2
https://pbs.twimg.com/media/FPg4lAhXoAYQ-hi.jpg,2
https://pbs.twimg.com/media/FPg4OloWUAkSjUE.jpg,2
https://pbs.twimg.com/media/FPg4Qy9XoAcnUEa.jpg,1
https://pbs.twimg.com/media/FPg4Uj0XEAcgmuk.jpg,2
https://pbs.twimg.com/media/FPg4WreXIBAKbUN.jpg,2
https://pbs.twimg.com/media/FPg5AMXWYAIDnr7.jpg,1
https://pbs.twimg.com/media/FPg5B9-X0AMiKr3.jpg,2
https://pbs.twimg.com/media/FPg5Bo1XwAMviV2.jpg,1
https://pbs.twimg.com/media/FPg5Bx-VsAEHz0f.jpg,1
https://pbs.twimg.com/media/FPg5GwKXEAgzmM0.jpg,0
https://pbs.twimg.com/media/FPg5PkSX0AMVOrk.jpg,2
https://pbs.twimg.com/media/FPg5QrbWYAU459v.jpg,2
https://pbs.twimg.com/media/FPg5S-hXoAIn65k.jpg,1
https://pbs.twimg.com/media/FPg5VcsX0AEnYsx.jpg,1
https://pbs.twimg.com/media/FPgBTDbaMAY5hOd.jpg,0
https://pbs.twimg.com/media/FPgETcvacAQM-xp.jpg,2
https://pbs.twimg.com/media/FPgf3_WVEAABFAd.jpg,0
https://pbs.twimg.com/media/FPgHa-2VUAgnL_q.jpg,2
https://pbs.twimg.com/media/FPgHbaUWYAA7HHv.jpg,0
https://pbs.twimg.com/media/FPgHbNhXsAAncfa.jpg,0
https://pbs.twimg.com/media/FPgHbWBWQAM2h0G.jpg,2
https://pbs.twimg.com/media/FPgHeypVEAQijpL.jpg,2
https://pbs.twimg.com/media/FPgHf6BXsAIyI5o.jpg,0
https://pbs.twimg.com/media/FPgHgGaXwAIzX0g.jpg,0
https://pbs.twimg.com/media/FPgHgGUXsAgVk45.jpg,0
https://pbs.twimg.com/media/FPgHgi5X0AEXb5g.jpg,0
https://pbs.twimg.com/media/FPGhiuBVsAQsiXO.jpg,1
https://pbs.twimg.com/media/FPGhiuEUcAAWYH0.jpg,1
https://pbs.twimg.com/media/FPghLYMVsAAmf5g.jpg,2
https://pbs.twimg.com/media/FPgHWQmXMAAnZP7.png,2
https://pbs.twimg.com/media/FPgHYOTXMAQmX7X.jpg,0
https://pbs.twimg.com/media/FPgig7caQAAYAy3.jpg,0
https://pbs.twimg.com/media/FPgig7saQAo--Tq.jpg,0
https://pbs.twimg.com/media/FPgigeJVQAsY4HY.jpg,0
https://pbs.twimg.com/media/FPgikWIXEAkKhAf.jpg,2
https://pbs.twimg.com/media/FPgilEYXEA0rDDK.jpg,2
https://pbs.twimg.com/media/FPgin1qXoAkT6DP.jpg,2
https://pbs.twimg.com/media/FPgioVFWUAMXMSQ.jpg,0
https://pbs.twimg.com/media/FPgip-RXIAMwxNy.jpg,0
https://pbs.twimg.com/media/FPgipHbXoAIJW5A.jpg,0
https://pbs.twimg.com/media/FPgipKxXsAMW6o1.jpg,2
https://pbs.twimg.com/media/FPgiSvnXsAEA1B4.jpg,2
https://pbs.twimg.com/media/FPgj0dIXMAQxHJ1.jpg,2
https://pbs.twimg.com/media/FPgjay3XEA4Lepz.jpg,0
https://pbs.twimg.com/media/FPgjEoNXIAUkt4P.jpg,0
https://pbs.twimg.com/media/FPgjEsXXMAAQ23l.jpg,0
https://pbs.twimg.com/media/FPgjGo7XIAYAqq3.jpg,0
https://pbs.twimg.com/media/FPgjGprWYAUMwYv.jpg,2
https://pbs.twimg.com/media/FPgjHjgXMAk1Mfr.jpg,0
https://pbs.twimg.com/media/FPgjHs4XwAEKwZo.jpg,0
https://pbs.twimg.com/media/FPgjKm0WUAMCjjp.jpg,2
https://pbs.twimg.com/media/FPgjkvGXsAEhKfa.jpg,0
https://pbs.twimg.com/media/FPgjl1fWQAI4jee.jpg,1
https://pbs.twimg.com/media/FPgjlaYWQA0ia8d.jpg,1
https://pbs.twimg.com/media/FPgjoDYWUAIq7rN.jpg,1
https://pbs.twimg.com/media/FPgjpgTXIAMulAx.jpg,1
https://pbs.twimg.com/media/FPgjpn_VEAYU2WW.jpg,1
https://pbs.twimg.com/media/FPgjrk5XoAI-RlP.jpg,2
https://pbs.twimg.com/media/FPgjtIfWUAk1aOf.jpg,1
https://pbs.twimg.com/media/FPgjtOXXEAMwarV.jpg,1
https://pbs.twimg.com/media/FPgjXWfWYAsdn4e.jpg,0
https://pbs.twimg.com/media/FPgjZXlaIAIyPUN.jpg,1
https://pbs.twimg.com/media/FPgKQtTUcAQUqC6.jpg,0
https://pbs.twimg.com/media/FPgKQtVVsAU_30f.jpg,0
https://pbs.twimg.com/media/FPgKQuGVkAQxZdt.jpg,0
https://pbs.twimg.com/media/FPglGu-WUAYmCEu.jpg,0
https://pbs.twimg.com/media/FPglGvCX0AYcpJe.jpg,0
https://pbs.twimg.com/media/FPglGvDWYAMKwkp.jpg,0
https://pbs.twimg.com/media/FPglGvRWYA4xaT_.jpg,0
https://pbs.twimg.com/media/FPgmhAaVcAM56Yd.jpg,0
https://pbs.twimg.com/media/FPgoNgKXoAMmfet.jpg,1
https://pbs.twimg.com/media/FPgoNYXXsAMUCEJ.jpg,2
https://pbs.twimg.com/media/FPgp-xzagAQprEZ.jpg,2
https://pbs.twimg.com/media/FPgp-yDagAQZRyz.jpg,2
https://pbs.twimg.com/media/FPgp_VNaMAE4E-M.jpg,1
https://pbs.twimg.com/media/FPgp25YXwAM5KSc.jpg,0
https://pbs.twimg.com/media/FPgp6wLXwAcIIgx.jpg,2
https://pbs.twimg.com/media/FPgp72NXsAA7UTB.jpg,2
https://pbs.twimg.com/media/FPgp7QRXwAsvLSB.jpg,2
https://pbs.twimg.com/media/FPgp7VwVUAk8aMV.jpg,0
https://pbs.twimg.com/media/FPgp84macAYygRH.jpg,0
https://pbs.twimg.com/media/FPgp84maMAYkSwy.jpg,0
https://pbs.twimg.com/media/FPgp9eSWYAAfPN2.jpg,1
https://pbs.twimg.com/media/FPgp9iMXIAcx2K8.jpg,1
https://pbs.twimg.com/media/FPgpJJxVQAop1g9.jpg,1
https://pbs.twimg.com/media/FPgPNYcacAYzdeT.jpg,2
https://pbs.twimg.com/media/FPgpXn2XoAAFv3q.jpg,1
https://pbs.twimg.com/media/FPgqAzdXsAsWbNd.jpg,1
https://pbs.twimg.com/media/FPgqOu7aQAksaHp.jpg,1
https://pbs.twimg.com/media/FPgqPWyXIAMM4xR.jpg,2
https://pbs.twimg.com/media/FPgsXoyUYAQcsas.jpg,1
https://pbs.twimg.com/media/FPgsXpPVQAIlyTH.jpg,1
https://pbs.twimg.com/media/FPgth2QWQAE1ncQ.jpg,1
https://pbs.twimg.com/media/FPGwbXbVkAEbJX5.jpg,0
https://pbs.twimg.com/media/FPGwbXdVEAM1aFk.jpg,0
https://pbs.twimg.com/media/FPgWG1UaUAAmSvV.jpg,2
https://pbs.twimg.com/media/FPgwr0LXIAoDjZ0.png,0
https://pbs.twimg.com/media/FPgxxVnXwA4NIyZ.jpg,2
https://pbs.twimg.com/media/FPgYnDsWUAE6JGH.jpg,1
https://pbs.twimg.com/media/FPgYnDsWUAY6Ot1.jpg,1
https://pbs.twimg.com/media/FPgYnEIXIAAMo6W.jpg,1
https://pbs.twimg.com/media/FPgZO6XWYAAPvUd.jpg,1
https://pbs.twimg.com/media/FPh2l5KXsAAQqaX.jpg,1
https://pbs.twimg.com/media/FPh2QQYVcAAvWQn.jpg,1
https://pbs.twimg.com/media/FPh2QRUVIAEavuo.jpg,1
https://pbs.twimg.com/media/FPH3_fXWQAEZcv3.jpg,0
https://pbs.twimg.com/media/FPh3hbkUYAE03i9.jpg,1
https://pbs.twimg.com/media/FPh3LfFXsAI21nf.png,0
https://pbs.twimg.com/media/FPh3PBKXEAQUhXL.jpg,0
https://pbs.twimg.com/media/FPh3PoOUcAcjTHf.jpg,0
https://pbs.twimg.com/media/FPh3PoRVkAEYdUl.jpg,0
https://pbs.twimg.com/media/FPh3PV_XIA4qdU2.jpg,1
https://pbs.twimg.com/media/FPh3QQTXoAoe3oN.jpg,0
https://pbs.twimg.com/media/FPh3rN9VIAMkN24.jpg,1
https://pbs.twimg.com/media/FPh3RZCXwAgN6JL.jpg,0
https://pbs.twimg.com/media/FPh3swlXIA4oBkj.jpg,1
https://pbs.twimg.com/media/FPh3TLOaAAAZ0x6.jpg,0
https://pbs.twimg.com/media/FPh3ZPGWYAQGvz4.jpg,0
https://pbs.twimg.com/media/FPha1dGUcAAV1BJ.jpg,0
https://pbs.twimg.com/media/FPha2t1VIAYioB4.jpg,0
https://pbs.twimg.com/media/FPha3b7UYAACxhu.jpg,0
https://pbs.twimg.com/media/FPhauNzXwAsafbp.jpg,0
https://pbs.twimg.com/media/FPHczDvVQAMYXXq.jpg,2
https://pbs.twimg.com/media/FPhe71_X0AMKPCr.jpg,1
https://pbs.twimg.com/media/FPhe9V0VEAQxIjc.jpg,1
https://pbs.twimg.com/media/FPheNqmUYAMG1_b.jpg,2
https://pbs.twimg.com/media/FPheOVMWUAclbA5.jpg,0
https://pbs.twimg.com/media/FPheOVMX0AYYDGo.jpg,0
https://pbs.twimg.com/media/FPheOVSXEAEEy6r.jpg,0
https://pbs.twimg.com/media/FPheS7YXwAoU8xT.jpg,0
https://pbs.twimg.com/media/FPheS9qXoAQ2ya3.jpg,0
https://pbs.twimg.com/media/FPheS9uXsAcrkMq.jpg,0
https://pbs.twimg.com/media/FPheslqXMAUrFe3.jpg,1
https://pbs.twimg.com/media/FPheSOKVgAIDMHh.jpg,2
https://pbs.twimg.com/media/FPheTA2VcAMfQUz.jpg,0
https://pbs.twimg.com/media/FPheTeWVQAIWXz0.jpg,2
https://pbs.twimg.com/media/FPheTT_UcAMkFKL.jpg,0
https://pbs.twimg.com/media/FPhexxCXsAQ8dwn.jpg,1
https://pbs.twimg.com/media/FPhey1mWYAkwUrH.jpg,2
https://pbs.twimg.com/media/FPhf00nXoAMq7C3.jpg,0
https://pbs.twimg.com/media/FPhf0bgWYAQgjIt.jpg,0
https://pbs.twimg.com/media/FPhFa-MWQAUguUR.jpg,0
https://pbs.twimg.com/media/FPhfndOXsAAn_XP.jpg,0
https://pbs.twimg.com/media/FPhfpptWQAUKXup.jpg,2
https://pbs.twimg.com/media/FPHgHQiXwAc4KRc.jpg,0
https://pbs.twimg.com/media/FPHia1LXIAksywz.png,2
https://pbs.twimg.com/media/FPhiRS9XMAUj0KN.jpg,2
https://pbs.twimg.com/media/FPhJatnX0AoBnyU.jpg,0
https://pbs.twimg.com/media/FPhJausUcAEXxpV.jpg,0
https://pbs.twimg.com/media/FPhJcbUXIAw5mgH.jpg,0
https://pbs.twimg.com/media/FPhJcWZWQAk-kyV.jpg,2
https://pbs.twimg.com/media/FPhJI8IWYBAa0I9.jpg,0
https://pbs.twimg.com/media/FPhJIo2WUAAOjKn.jpg,0
https://pbs.twimg.com/media/FPhQ7FzXwAQJja3.jpg,0
https://pbs.twimg.com/media/FPhQdmUX0AAkXpr.jpg,0
https://pbs.twimg.com/media/FPhQgsTWUAQbOV2.jpg,0
https://pbs.twimg.com/media/FPhqUIKXwAMec10.jpg,0
https://pbs.twimg.com/media/FPHQvssXwAca2bn.jpg,0
https://pbs.twimg.com/media/FPHr9nbXMAEQtCg.jpg,1
https://pbs.twimg.com/media/FPhSTbKXoA02HRk.jpg,0
https://pbs.twimg.com/media/FPhTAZbVgAcj8aR.jpg,2
https://pbs.twimg.com/media/FPhTdGVaMAEltK0.jpg,2
https://pbs.twimg.com/media/FPhTf7IWQAUftXO.jpg,0
https://pbs.twimg.com/media/FPhTlTmVQAQ61kO.jpg,0
https://pbs.twimg.com/media/FPhTpJ1UYAIuUjo.jpg,0
https://pbs.twimg.com/media/FPhTqsJUYAAoeBJ.jpg,0
https://pbs.twimg.com/media/FPhTserXoAAI6YU.jpg,2
https://pbs.twimg.com/media/FPhTxW6X0AEHU_L.jpg,2
https://pbs.twimg.com/media/FPhUB9pX0AATvEs.jpg,2
https://pbs.twimg.com/media/FPhUH10XwAEH2jj.jpg,2
https://pbs.twimg.com/media/FPHUHtpXEAEKNne.jpg,1
https://pbs.twimg.com/media/FPhUIwsXsAkrkJJ.jpg,1
https://pbs.twimg.com/media/FPhUKT7WQAMOtpI.jpg,1
https://pbs.twimg.com/media/FPhUKT9XEAcec7w.jpg,2
https://pbs.twimg.com/media/FPhUODmXwAQ8rhq.jpg,1
https://pbs.twimg.com/media/FPhUOFXXoAQd2Sq.jpg,2
https://pbs.twimg.com/media/FPhUpFOXMAQXcez.jpg,0
https://pbs.twimg.com/media/FPhUPpZXEBIrEj0.jpg,1
https://pbs.twimg.com/media/FPhUpQrXIAAUjCm.jpg,0
https://pbs.twimg.com/media/FPhUrP6VsAMAk8c.jpg,2
https://pbs.twimg.com/media/FPhUrWnX0AUtIQM.jpg,2
https://pbs.twimg.com/media/FPhUSg0XsAIavqs.jpg,2
https://pbs.twimg.com/media/FPhUwseWUA03kcs.jpg,0
https://pbs.twimg.com/media/FPhUY4KWYAUyClm.jpg,2
https://pbs.twimg.com/media/FPhVFE8UYAEVrhY.jpg,1
https://pbs.twimg.com/media/FPhVFElXIAcO6ej.jpg,1
https://pbs.twimg.com/media/FPhVFEnXoAU-7cZ.jpg,1
https://pbs.twimg.com/media/FPhVFOSXEA0EFd1.jpg,1
https://pbs.twimg.com/media/FPhVImrWUAAUAdQ.jpg,1
https://pbs.twimg.com/media/FPhVK61XwAcElTR.jpg,1
https://pbs.twimg.com/media/FPhVKYMXsAIMUy6.jpg,1
https://pbs.twimg.com/media/FPhVLmkWQAUnQbS.jpg,1
https://pbs.twimg.com/media/FPHvvVhUcAEWazk.jpg,2
https://pbs.twimg.com/media/FPHWryWVsAAPoH9.jpg,0
https://pbs.twimg.com/media/FPIAgR_VgAEyeez.jpg,1
https://pbs.twimg.com/media/FPId76SXoAEf4PV.jpg,0
https://pbs.twimg.com/media/FPIDHaBaUAA6L47.jpg,0
https://pbs.twimg.com/media/FPIfoA5XEAYvHDu.jpg,0
https://pbs.twimg.com/media/FPiGfuxVgAEk0mQ.jpg,0
https://pbs.twimg.com/media/FPiJe2FXEAYJQsb.jpg,1
https://pbs.twimg.com/media/FPiJe2FXoAM52yU.jpg,1
https://pbs.twimg.com/media/FPiJe2GWUAk6-gl.jpg,1
https://pbs.twimg.com/media/FPiJfxKXMAI4mEu.jpg,1
https://pbs.twimg.com/media/FPIJHVKVUAE6LY5.jpg,0
https://pbs.twimg.com/media/FPiJjn2XwAQ5W2i.jpg,1
https://pbs.twimg.com/media/FPiJKgPXEAImPwN.jpg,0
https://pbs.twimg.com/media/FPiJMkEVcAEhHI1.jpg,0
https://pbs.twimg.com/media/FPiJNaWWUAMLDnB.jpg,0
https://pbs.twimg.com/media/FPiJNZxXEAQjpK0.jpg,0
https://pbs.twimg.com/media/FPiJOnmWYAAaLf9.jpg,0
https://pbs.twimg.com/media/FPIjPBeVEAImmm6.jpg,0
https://pbs.twimg.com/media/FPiJrkHWQAgStGZ.jpg,1
https://pbs.twimg.com/media/FPiJrRXVsAAnGyx.jpg,1
https://pbs.twimg.com/media/FPiJS3PXMAgPoeN.jpg,0
https://pbs.twimg.com/media/FPiJtiGaIAQWW_W.jpg,1
https://pbs.twimg.com/media/FPiJtLQacAEig3D.jpg,1
https://pbs.twimg.com/media/FPiJV0oXwAEK3zT.jpg,0
https://pbs.twimg.com/media/FPiJV0tWYBAosfY.jpg,0
https://pbs.twimg.com/media/FPiJVyYXoAAtLLl.jpg,0
https://pbs.twimg.com/media/FPiJwLJVQAILpLq.jpg,1
https://pbs.twimg.com/media/FPiJWMBVIAUGyv_.jpg,0
https://pbs.twimg.com/media/FPIuKDjXwAEIv7K.jpg,1
https://pbs.twimg.com/media/FPIuVzEWQAAM-YJ.jpg,1
https://pbs.twimg.com/media/FPIyAvcaUAAxAru.jpg,0
https://pbs.twimg.com/media/FPIZhTSaQAA0M_L.jpg,0
https://pbs.twimg.com/media/FPJ_xViVgAQ1dHF.jpg,0
https://pbs.twimg.com/media/FPj4i5SakAA5EQS.jpg,0
https://pbs.twimg.com/media/FPJapPtVsAUOcXY.jpg,0
https://pbs.twimg.com/media/FPJbH32akAIJTjh.jpg,0
https://pbs.twimg.com/media/FPJEU9aaQAMRj4J.jpg,0
https://pbs.twimg.com/media/FPJfHlcVUAEtL7p.jpg,1
https://pbs.twimg.com/media/FPJMVBXWUAk8uH-.jpg,2
https://pbs.twimg.com/media/FPJNMQ-UYAENK8D.jpg,2
https://pbs.twimg.com/media/FPJNMQLVEAA6174.jpg,2
https://pbs.twimg.com/media/FPJNMQMVUAApBuj.jpg,2
https://pbs.twimg.com/media/FPJNncbXwAA5Uo3.jpg,0
https://pbs.twimg.com/media/FPjRTOpUcAUtyQa.jpg,1
https://pbs.twimg.com/media/FPJscbJXMAMwYVn.jpg,2
https://pbs.twimg.com/media/FPJSniBUYAI_BSm.jpg,0
https://pbs.twimg.com/media/FPJVeTNVgAEkxfs.jpg,0
https://pbs.twimg.com/media/FPJZEKfVQAQLK5i.jpg,2
https://pbs.twimg.com/media/FPK-G0PUYAI5UdK.jpg,0
https://pbs.twimg.com/media/FPK-G0qVkAYQKt5.jpg,0
https://pbs.twimg.com/media/FPK-G4pVsAAlU6H.jpg,0
https://pbs.twimg.com/media/FPK-G7EVQAAEWqU.jpg,0
https://pbs.twimg.com/media/FPKbLA3VkAEWIiz.jpg,1
https://pbs.twimg.com/media/FPkcuH5agAAlEga.jpg,1
https://pbs.twimg.com/media/FPkcuH9aUAYGRdy.jpg,1
https://pbs.twimg.com/media/FPkcuKMagAM9ZRv.jpg,1
https://pbs.twimg.com/media/FPkcuL_aAAU56kK.jpg,1
https://pbs.twimg.com/media/FPkdH2bagAYcgij.jpg,1
https://pbs.twimg.com/media/FPkdH5aaUAIeLfU.jpg,1
https://pbs.twimg.com/media/FPkdH66aAAA56Wt.jpg,1
https://pbs.twimg.com/media/FPkdH8OacAEzcV5.jpg,1
https://pbs.twimg.com/media/FPkdU61aAAA6e27.jpg,1
https://pbs.twimg.com/media/FPkf_kgagAA4Ewi.jpg,0
https://pbs.twimg.com/media/FPkGSHDUYAQcW21.jpg,0
https://pbs.twimg.com/media/FPKj48YVgAgDSFK.jpg,0
https://pbs.twimg.com/media/FPKJsDIacAIKn_t.jpg,0
https://pbs.twimg.com/media/FPKN61-VEAIlLXB.jpg,0
https://pbs.twimg.com/media/FPknHcTVsAY5ODg.jpg,0
https://pbs.twimg.com/media/FPko2VUXIAcGNSl.jpg,1
https://pbs.twimg.com/media/FPko5EOWQAIJA2f.jpg,2
https://pbs.twimg.com/media/FPkoaoaaMAANg-Q.jpg,0
https://pbs.twimg.com/media/FPkodMdacAYVhQD.jpg,2
https://pbs.twimg.com/media/FPkoeCHacAI6e8i.jpg,0
https://pbs.twimg.com/media/FPkoqaIXIAcRHqj.jpg,1
https://pbs.twimg.com/media/FPkoTUgWUAc2OsY.jpg,1
https://pbs.twimg.com/media/FPkoTUTXMAUvVj_.jpg,1
https://pbs.twimg.com/media/FPkovXjaQAAzmVa.jpg,1
https://pbs.twimg.com/media/FPkoWlgXIAACGVt.jpg,0
https://pbs.twimg.com/media/FPkoZQsVkAAQa2R.jpg,0
https://pbs.twimg.com/media/FPkPwr1UYAMHQIe.jpg,1
https://pbs.twimg.com/media/FPKRPkvakAIh6QJ.jpg,0
https://pbs.twimg.com/media/FPkuVQBUYAAH2DI.png,0
https://pbs.twimg.com/media/FPKUz82WYAYKuvd.jpg,0
https://pbs.twimg.com/media/FPKW-djXIAQuryh.jpg,2
https://pbs.twimg.com/media/FPKWtUpakAAMPgI.jpg,0
https://pbs.twimg.com/media/FPkXKW7VgAMxH1S.jpg,0
https://pbs.twimg.com/media/FPKxqr3aMAEj9fw.jpg,0
https://pbs.twimg.com/media/FPKydVTX0AEphcT.jpg,0
https://pbs.twimg.com/media/FPkZa0-VQAAGe7t.jpg,0
https://pbs.twimg.com/media/FPkZa1EVsAQ7QIw.jpg,0
https://pbs.twimg.com/media/FPL--bZVIAgWgPk.jpg,2
https://pbs.twimg.com/media/FPL--gKWQAM28VS.jpg,1
https://pbs.twimg.com/media/FPL-3AnVEAENoah.png,1
https://pbs.twimg.com/media/FPL-4DaXIAcoX0s.jpg,1
https://pbs.twimg.com/media/FPL-53gWQAc_ePc.jpg,2
https://pbs.twimg.com/media/FPL-8AwXMAoacww.jpg,1
https://pbs.twimg.com/media/FPL-9CEVgAMvpXd.jpg,1
https://pbs.twimg.com/media/FPL-9CFVUAUwfzm.jpg,1
https://pbs.twimg.com/media/FPL-aA3VUAkTZhh.jpg,1
https://pbs.twimg.com/media/FPL-eUyaQAMUgJX.jpg,0
https://pbs.twimg.com/media/FPL-eVfaQAEqkLo.jpg,0
https://pbs.twimg.com/media/FPL-HsHXwAEIAlt.jpg,1
https://pbs.twimg.com/media/FPL-kUsX0AgZf0K.jpg,0
https://pbs.twimg.com/media/FPL-mkeWYAgg-CJ.jpg,2
https://pbs.twimg.com/media/FPL-qkJX0AUofdE.jpg,1
https://pbs.twimg.com/media/FPL-qwtX0AETh89.jpg,1
https://pbs.twimg.com/media/FPL-tdqXEAwUS7-.jpg,1
https://pbs.twimg.com/media/FPL-UD3aQAEHgkH.jpg,0
https://pbs.twimg.com/media/FPL-yf_aIAEi-jS.jpg,1
https://pbs.twimg.com/media/FPL-yf6aQAk1aKU.jpg,2
https://pbs.twimg.com/media/FPL-yk7XIAAj8NM.jpg,1
https://pbs.twimg.com/media/FPL-yn3XwAgQrKx.jpg,1
https://pbs.twimg.com/media/FPL-ys-XMAMdOJ_.jpg,1
https://pbs.twimg.com/media/FPL__ESVEAQT24X.jpg,2
https://pbs.twimg.com/media/FPL_241aAAAJb9W.jpg,1
https://pbs.twimg.com/media/FPL_3oOXMAcjtPv.jpg,1
https://pbs.twimg.com/media/FPL_4jbaMAQzet-.jpg,0
https://pbs.twimg.com/media/FPL_5-EX0AQrWYa.jpg,2
https://pbs.twimg.com/media/FPL_5SkXoAgzRW7.jpg,1
https://pbs.twimg.com/media/FPL_5SlXoAI9bFp.jpg,1
https://pbs.twimg.com/media/FPL_5SoXsAg9kPR.jpg,1
https://pbs.twimg.com/media/FPL_6HMX0AMXIFe.jpg,1
https://pbs.twimg.com/media/FPL_9yzXMA44mQo.jpg,1
https://pbs.twimg.com/media/FPL_BmBWYAcjFop.jpg,1
https://pbs.twimg.com/media/FPL_eE_VgAY07Yl.jpg,2
https://pbs.twimg.com/media/FPL_GKFXEAYYXFL.jpg,1
https://pbs.twimg.com/media/FPL_hrUXwAQSZZF.jpg,0
https://pbs.twimg.com/media/FPL_HxRXEAMq14N.jpg,1
https://pbs.twimg.com/media/FPL_iBgWUAMiQ1c.jpg,0
https://pbs.twimg.com/media/FPL_jXwXEAAkM55.jpg,0
https://pbs.twimg.com/media/FPL_KDkXIA8QG62.jpg,1
https://pbs.twimg.com/media/FPL_MzzXsAs2rU1.jpg,1
https://pbs.twimg.com/media/FPL_N7AWQAMLLPL.jpg,1
https://pbs.twimg.com/media/FPL_O6cXwAAZEhE.jpg,1
https://pbs.twimg.com/media/FPL_TIVWQAQWh0V.jpg,1
https://pbs.twimg.com/media/FPL_TIYXEAUBUAE.png,1
https://pbs.twimg.com/media/FPL_TIZX0AQSjp2.png,1
https://pbs.twimg.com/media/FPL_TnEVcAc1Qq0.jpg,2
https://pbs.twimg.com/media/FPL_U51XMAY9yyS.png,2
https://pbs.twimg.com/media/FPL_xZ6X0Ag9foR.jpg,1
https://pbs.twimg.com/media/FPL_zZrXoA0D5A5.jpg,1
https://pbs.twimg.com/media/FPL3_81XwAky_90.jpg,2
https://pbs.twimg.com/media/FPL38QrXsAAY6kT.jpg,0
https://pbs.twimg.com/media/FPL3G3iaIAE2Jia.jpg,0
https://pbs.twimg.com/media/FPL3QZHVUAQlVJ-.jpg,0
https://pbs.twimg.com/media/FPL4mFnaAAQazye.jpg,2
https://pbs.twimg.com/media/FPL6PF3WQAEeb8I.jpg,2
https://pbs.twimg.com/media/FPL7hsfVEAg8-tD.jpg,0
https://pbs.twimg.com/media/FPL8_BaagBI17uC.jpg,2
https://pbs.twimg.com/media/FPL8c7QWUAYKM9J.jpg,1
https://pbs.twimg.com/media/FPL8QrOWQAQKRBV.jpg,2
https://pbs.twimg.com/media/FPL94ztXIAAMh3a.jpg,2
https://pbs.twimg.com/media/FPLbO-4agAMHntd.jpg,0
https://pbs.twimg.com/media/FPLeylZXEAkkBLN.png,1
https://pbs.twimg.com/media/FPLeynoXsAYNhSS.png,1
https://pbs.twimg.com/media/FPLgrljVkAEtbxG.jpg,0
https://pbs.twimg.com/media/FPLgsbRakAEXCdy.jpg,0
https://pbs.twimg.com/media/FPLh_PAXMAEzhz7.jpg,0
https://pbs.twimg.com/media/FPLh38kVEAEVFQc.jpg,0
https://pbs.twimg.com/media/FPLh47aVIAcvBpW.jpg,0
https://pbs.twimg.com/media/FPLh4uWagAku3b7.jpg,0
https://pbs.twimg.com/media/FPLh5IdVkAIAwN5.jpg,0
https://pbs.twimg.com/media/FPLh6QWagAA9DKf.jpg,0
https://pbs.twimg.com/media/FPLH8oraAAcc-FG.jpg,2
https://pbs.twimg.com/media/FPLh92GaMAE_dm0.jpg,0
https://pbs.twimg.com/media/FPLhIjvXsAYWd40.jpg,0
https://pbs.twimg.com/media/FPLhIjwWQAQ4P2g.jpg,0
https://pbs.twimg.com/media/FPLhIjyWYAAUWVS.jpg,0
https://pbs.twimg.com/media/FPLHJg6UYAM-i78.jpg,0
https://pbs.twimg.com/media/FPLhNuRXwAQ-ftM.jpg,0
https://pbs.twimg.com/media/FPLhNuXXEAI6-lR.jpg,0
https://pbs.twimg.com/media/FPLhO2hagA4yHN5.jpg,0
https://pbs.twimg.com/media/FPLhqnmagAMH9UP.jpg,2
https://pbs.twimg.com/media/FPLhRyiWUAIkiT8.jpg,0
https://pbs.twimg.com/media/FPLi_8-acAMqU2f.jpg,0
https://pbs.twimg.com/media/FPLidYZWUAUPS_h.jpg,0
https://pbs.twimg.com/media/FPLlajqXsAMfShR.jpg,0
https://pbs.twimg.com/media/FPLlajVXIAQHJNt.jpg,0
https://pbs.twimg.com/media/FPLlcTMXIAId_A2.jpg,0
https://pbs.twimg.com/media/FPLldCtXsBQsXWy.jpg,0
https://pbs.twimg.com/media/FPLleLyXsAEoNVf.jpg,0
https://pbs.twimg.com/media/FPLlgQzVcAIyj31.jpg,2
https://pbs.twimg.com/media/FPLlRTgXIAcFs2E.jpg,2
https://pbs.twimg.com/media/FPLLtkaWQAEQTTh.jpg,1
https://pbs.twimg.com/media/FPLMFfbVQAQjdWJ.jpg,2
https://pbs.twimg.com/media/FPLMFLTVgAEX0cs.jpg,2
https://pbs.twimg.com/media/FPLMFqjVUAIiuX3.jpg,2
https://pbs.twimg.com/media/FPLmGj_XwAEblAv.jpg,0
https://pbs.twimg.com/media/FPLn-QBaIAkQvyr.jpg,1
https://pbs.twimg.com/media/FPLn5QfVEAE0xAQ.jpg,2
https://pbs.twimg.com/media/FPLn8YhXwAUxtQH.jpg,0
https://pbs.twimg.com/media/FPLnp8lVIAEgmQQ.jpg,2
https://pbs.twimg.com/media/FPLnxMaaIAA3bDr.jpg,0
https://pbs.twimg.com/media/FPLnyIPVQAQPsgO.jpg,0
https://pbs.twimg.com/media/FPLO4z7X0AgJbwp.jpg,2
https://pbs.twimg.com/media/FPLoA6YXoAQlkjM.jpg,1
https://pbs.twimg.com/media/FPLoBbLXIAMvmYX.jpg,1
https://pbs.twimg.com/media/FPLoOsxWUAE5zTP.jpg,1
https://pbs.twimg.com/media/FPLoSOUaAAMM6Sl.jpg,2
https://pbs.twimg.com/media/FPLsJmeVcAUf6Xi.jpg,2
https://pbs.twimg.com/media/FPLU0bkWUAMD5s6.jpg,2
https://pbs.twimg.com/media/FPLvJMPVcAY9UmO.jpg,1
https://pbs.twimg.com/media/FPLWd1CacAgxEmJ.jpg,0
https://pbs.twimg.com/media/FPLwj6-UcAgZ83q.jpg,2
https://pbs.twimg.com/media/FPLwj8NVIAAqgEk.jpg,2
https://pbs.twimg.com/media/FPM0b2YX0AYDeXq.jpg,2
https://pbs.twimg.com/media/FPM2NmqVEBcrCSs.jpg,2
https://pbs.twimg.com/media/FPMAatNWYAE6svb.jpg,0
https://pbs.twimg.com/media/FPMAFqBX0AkoGLj.jpg,0
https://pbs.twimg.com/media/FPMAH0RXIAA2Ok0.jpg,2
https://pbs.twimg.com/media/FPMAHITVgAIZJRn.jpg,2
https://pbs.twimg.com/media/FPMAIfMWYAc42vx.jpg,0
https://pbs.twimg.com/media/FPMAJ_pakAMRtRI.jpg,1
https://pbs.twimg.com/media/FPMAKQvWUA4Mlnv.jpg,0
https://pbs.twimg.com/media/FPMAMaIXEAYX90O.jpg,0
https://pbs.twimg.com/media/FPMAU_tXEAoY6mY.jpg,2
https://pbs.twimg.com/media/FPMAUbmX0AE9CU0.jpg,0
https://pbs.twimg.com/media/FPMAVepXIAMiTXz.jpg,2
https://pbs.twimg.com/media/FPMAWvfWUAE_bKD.jpg,2
https://pbs.twimg.com/media/FPMAXC0WQAUCi_m.jpg,2
https://pbs.twimg.com/media/FPMAYbrXoAIg0IP.jpg,1
https://pbs.twimg.com/media/FPMc8EBWUAEXYLp.jpg,2
https://pbs.twimg.com/media/FPMc8EDXsAIy0ZN.jpg,2
https://pbs.twimg.com/media/FPMCgymaUAMtRSs.jpg,0
https://pbs.twimg.com/media/FPMCgyrakAYqCIX.jpg,0
https://pbs.twimg.com/media/FPMcuqzXMAU0MHr.jpg,1
https://pbs.twimg.com/media/FPMg7QyX0AIJzVy.jpg,0
https://pbs.twimg.com/media/FPMjd2WX0AAupEC.jpg,0
https://pbs.twimg.com/media/FPMLRaPXEAAWf3_.jpg,2
https://pbs.twimg.com/media/FPMzaqwXMAIkTyo.jpg,2
https://pbs.twimg.com/media/FPN64YVVkCcBYwQ.jpg,0
https://pbs.twimg.com/media/FPNagAtWYAQq-L0.jpg,0
https://pbs.twimg.com/media/FPNAlBfXMAs0TG0.jpg,0
https://pbs.twimg.com/media/FPNbEtdXEAIUw5z.jpg,0
https://pbs.twimg.com/media/FPNbHLJX0AkGxbH.jpg,0
https://pbs.twimg.com/media/FPNbijaXoAo418F.jpg,0
https://pbs.twimg.com/media/FPNc3POXoAc6fmZ.jpg,0
https://pbs.twimg.com/media/FPNc5pRXMAIh--F.jpg,0
https://pbs.twimg.com/media/FPNc6fVWUA0uR3t.jpg,0
https://pbs.twimg.com/media/FPNClxrUYAA70Wb.jpg,1
https://pbs.twimg.com/media/FPNcoxbUcBIUtyP.jpg,0
https://pbs.twimg.com/media/FPNctECWYAAFGjy.jpg,0
https://pbs.twimg.com/media/FPNcXD6XsAM6iM0.jpg,0
https://pbs.twimg.com/media/FPNcxgPXwAgdQKY.jpg,0
https://pbs.twimg.com/media/FPNdbHnWYAkLeQL.jpg,2
https://pbs.twimg.com/media/FPNdbLLX0Akrt5e.jpg,2
https://pbs.twimg.com/media/FPNddiBXsAUxCf4.jpg,1
https://pbs.twimg.com/media/FPNdeLaXsAYpoW3.jpg,1
https://pbs.twimg.com/media/FPNdiTPXIA0oK_7.jpg,1
https://pbs.twimg.com/media/FPNdJ7HVEAEueV8.jpg,2
https://pbs.twimg.com/media/FPNdR_WXsAEdBje.jpg,1
https://pbs.twimg.com/media/FPNdUNWUcBcScjV.jpg,1
https://pbs.twimg.com/media/FPNdV-HXMAAWcrv.jpg,1
https://pbs.twimg.com/media/FPNdVpuUcBI9jU_.jpg,2
https://pbs.twimg.com/media/FPNdVr1UcAABBJY.jpg,2
https://pbs.twimg.com/media/FPNETLpX0AYnXTw.jpg,0
https://pbs.twimg.com/media/FPNJpAkXsAciVF8.jpg,0
https://pbs.twimg.com/media/FPNKxnmXwAUGJxJ.jpg,1
https://pbs.twimg.com/media/FPNt1v6VcAA5wFJ.jpg,0
https://pbs.twimg.com/media/FPNT91JUcAIf5Ny.jpg,2
https://pbs.twimg.com/media/FPNUXVzaUAIPZji.jpg,0
https://pbs.twimg.com/media/FPNVvDOXoAI0p-z.jpg,2
https://pbs.twimg.com/media/FPNWld2XMAYQIFb.jpg,2
https://pbs.twimg.com/media/FPNX0yzaUAEM-eE.jpg,0
https://pbs.twimg.com/media/FPNX27wXEAwITXm.jpg,2
https://pbs.twimg.com/media/FPNX3AqWQAgDJZ0.jpg,0
https://pbs.twimg.com/media/FPNX3cUXoAkw7pU.jpg,2
https://pbs.twimg.com/media/FPNX4XpXEAgA5PP.jpg,0
https://pbs.twimg.com/media/FPNX7dgX0A0TmlV.jpg,0
https://pbs.twimg.com/media/FPNX9ZjWYAQ8WUD.jpg,2
https://pbs.twimg.com/media/FPNXiczWQAI-ekN.jpg,0
https://pbs.twimg.com/media/FPNYc5KWQAgwxZ3.jpg,1
https://pbs.twimg.com/media/FPNYd4aUcAU5oUv.jpg,1
https://pbs.twimg.com/media/FPNYMF3X0AItSIG.jpg,2
https://pbs.twimg.com/media/FPNYO49XEAUQZkr.jpg,1
https://pbs.twimg.com/media/FPNYSUUXoA8wByH.jpg,2
https://pbs.twimg.com/media/FPNYt88WYAoLSKY.jpg,2
https://pbs.twimg.com/media/FPNYUbmX0AghAN2.jpg,1
https://pbs.twimg.com/media/FPNYXZiXoAEpkzD.jpg,1
https://pbs.twimg.com/media/FPNYXZkX0AA7AHP.jpg,1
https://pbs.twimg.com/media/FPNYYo8XEAU0j7_.jpg,1
https://pbs.twimg.com/media/FPOFg1uWYAc03Rr.jpg,1
https://pbs.twimg.com/media/FPOFPwSXsAA7Ylk.jpg,2
https://pbs.twimg.com/media/FPOHSKNagAE5BM-.jpg,0
https://pbs.twimg.com/media/FPOKu_yWQAQARmu.jpg,1
https://pbs.twimg.com/media/FPOPwkNXIAESoX2.jpg,1
https://pbs.twimg.com/media/FPot60lXsAA8b1-.jpg,1
https://pbs.twimg.com/media/FPOT7_vaMAAfWpG.jpg,2
https://pbs.twimg.com/media/FPOvVP-VIAYd_xF.jpg,2
https://pbs.twimg.com/media/FPOxTOmagAQijoS.jpg,2
https://pbs.twimg.com/media/FPP0-D-XwCsfzWn.jpg,2
https://pbs.twimg.com/media/FPP0-p1VgAAiSYg.jpg,2
https://pbs.twimg.com/media/FPP0b0uaIAEsnOw.jpg,0
https://pbs.twimg.com/media/FPP0b0uakAM-ScW.jpg,0
https://pbs.twimg.com/media/FPP0cLUWYAMLEgD.jpg,1
https://pbs.twimg.com/media/FPP0hElVgAMX8i5.jpg,1
https://pbs.twimg.com/media/FPP0JWuVcAUogNa.jpg,2
https://pbs.twimg.com/media/FPP0mDyVkAMw44U.jpg,2
https://pbs.twimg.com/media/FPP0NUCVcAc8KnL.jpg,0
https://pbs.twimg.com/media/FPP0oU4XwBwcyFQ.jpg,1
https://pbs.twimg.com/media/FPP0SFoVsAYldOt.jpg,0
https://pbs.twimg.com/media/FPP0SnnVcAMRgyw.jpg,0
https://pbs.twimg.com/media/FPP0ZaUVIAcNXB1.jpg,0
https://pbs.twimg.com/media/FPP1DG9XwAkzv3f.jpg,1
https://pbs.twimg.com/media/FPP1H7vXwBYltys.jpg,0
https://pbs.twimg.com/media/FPP1IwPXwBY7BcS.png,0
https://pbs.twimg.com/media/FPp1kBOVQAIhjFz.jpg,0
https://pbs.twimg.com/media/FPP1PCVVIAcexQb.jpg,0
https://pbs.twimg.com/media/FPP1PuwUcAAmgK0.jpg,0
https://pbs.twimg.com/media/FPP1QQcVcAEG4D3.jpg,0
https://pbs.twimg.com/media/FPP1QyiVEAMjqJ-.jpg,0
https://pbs.twimg.com/media/FPP1RvSXwB4THHu.jpg,2
https://pbs.twimg.com/media/FPP1VR6akAA3unP.jpg,2
https://pbs.twimg.com/media/FPp5Py-UYAMKA8B.jpg,0
https://pbs.twimg.com/media/FPPCeY4aUAQwMLd.jpg,1
https://pbs.twimg.com/media/FPPEJhdXsAMAtqv.jpg,0
https://pbs.twimg.com/media/FPpemzFUcAAiTBx.jpg,0
https://pbs.twimg.com/media/FPPerHlWQAA8Neb.jpg,2
https://pbs.twimg.com/media/FPPRlROXoAQeg3-.jpg,2
https://pbs.twimg.com/media/FPPTB0IWUBAt4t7.jpg,1
https://pbs.twimg.com/media/FPPtrzzVsAUgqmf.jpg,0
https://pbs.twimg.com/media/FPPuwKfXwA4ojBG.jpg,1
https://pbs.twimg.com/media/FPPv3VEUcAYybjN.jpg,0
https://pbs.twimg.com/media/FPPvrc4VQAUZ8h9.jpg,2
https://pbs.twimg.com/media/FPPw614VUAInbsY.jpg,0
https://pbs.twimg.com/media/FPPw6kDVEAI6QeH.jpg,2
https://pbs.twimg.com/media/FPq0Kd4XMAcRiR8.jpg,0
https://pbs.twimg.com/media/FPqbCZVXIAQ_G7R.jpg,0
https://pbs.twimg.com/media/FPQfDL_VEAg5abg.jpg,1
https://pbs.twimg.com/media/FPQJzYhaMAAp6td.jpg,0
https://pbs.twimg.com/media/FPQlnTbWQAIvrym.jpg,2
https://pbs.twimg.com/media/FPqq4uqUcAEBneA.jpg,0
https://pbs.twimg.com/media/FPQTn78aQAclQt7.jpg,2
https://pbs.twimg.com/media/FPQTnrEacAcozk6.jpg,2
https://pbs.twimg.com/media/FPQToJeagAAclwe.jpg,2
https://pbs.twimg.com/media/FPQToV_aQAIS0YZ.jpg,2
https://pbs.twimg.com/media/FPQvOKaaMAANScr.jpg,0
https://pbs.twimg.com/media/FPQWmeIaMAIu8Mz.jpg,2
https://pbs.twimg.com/media/FPQWnDDaQAI9UtO.jpg,2
https://pbs.twimg.com/media/FPR__8TXMAUTPuf.jpg,1
https://pbs.twimg.com/media/FPR8UH8XwAcdDTS.jpg,2
https://pbs.twimg.com/media/FPrC9inVEAQzCQS.jpg,1
https://pbs.twimg.com/media/FPrcPx_XoAEIt8y.jpg,1
https://pbs.twimg.com/media/FPRCuDcXMBgvcIj.jpg,2
https://pbs.twimg.com/media/FPrDS-NUYAgv8th.jpg,0
https://pbs.twimg.com/media/FPrDTPQVgAYXLz1.jpg,0
https://pbs.twimg.com/media/FPrE3vUakAQF-si.jpg,0
https://pbs.twimg.com/media/FPrK1-LXwA4UAir.jpg,1
https://pbs.twimg.com/media/FPRMKehXMAQezuI.jpg,0
https://pbs.twimg.com/media/FPRN1kFVIAUQh-v.jpg,0
https://pbs.twimg.com/media/FProyG5XMAkiSF5.jpg,1
https://pbs.twimg.com/media/FPRqVCtVQAUr3Wn.jpg,2
https://pbs.twimg.com/media/FPRSh77VIAsg5NY.jpg,2
https://pbs.twimg.com/media/FPRTTHTaAAMYClA.jpg,0
https://pbs.twimg.com/media/FPRUG5IWUAItngb.png,0
https://pbs.twimg.com/media/FPruWYlVcAATYo3.jpg,0
https://pbs.twimg.com/media/FPRux48XwAYI2jS.jpg,1
https://pbs.twimg.com/media/FPRVh-KXICIKtQq.jpg,2
https://pbs.twimg.com/media/FPRVUKCWYAY-BIc.jpg,2
https://pbs.twimg.com/media/FPRWcbPX0AQvIBT.jpg,2
https://pbs.twimg.com/media/FPRWCP9XMAs6b9f.jpg,0
https://pbs.twimg.com/media/FPRWcWCXoAIQdsB.jpg,0
https://pbs.twimg.com/media/FPRWdIUXsAYvphq.jpg,0
https://pbs.twimg.com/media/FPRWe2IX0Ac-tQr.jpg,2
https://pbs.twimg.com/media/FPRWS13WYAUpw-4.jpg,2
https://pbs.twimg.com/media/FPRWWmVX0AMbTKv.jpg,0
https://pbs.twimg.com/media/FPRWX5dWYAsux7x.jpg,2
https://pbs.twimg.com/media/FPRWX5WXsAQM_nX.jpg,2
https://pbs.twimg.com/media/FPRWXEzXIA4KLJa.jpg,2
https://pbs.twimg.com/media/FPRWYM5XoAAnQPo.jpg,2
https://pbs.twimg.com/media/FPRWYxnXIBcVCdX.jpg,0
https://pbs.twimg.com/media/FPRX0R-XMAMU9Ks.jpg,1
https://pbs.twimg.com/media/FPRX0xdXICAhFOb.jpg,1
https://pbs.twimg.com/media/FPRXabXXwAcCu6c.png,1
https://pbs.twimg.com/media/FPRXbR9aUAIR68K.jpg,1
https://pbs.twimg.com/media/FPRXjW5WUAkMDrk.jpg,2
https://pbs.twimg.com/media/FPRXoBsVUAI-NTB.png,1
https://pbs.twimg.com/media/FPRXoR0VgAQ-ky2.png,2
https://pbs.twimg.com/media/FPRXoXeXsAwhFbR.jpg,1
https://pbs.twimg.com/media/FPRXqNgXIB89duq.jpg,1
https://pbs.twimg.com/media/FPRXRHVXsAItU5O.jpg,2
https://pbs.twimg.com/media/FPRXsqpXoAADLIk.jpg,1
https://pbs.twimg.com/media/FPRXtgrXMAgADHG.jpg,1
https://pbs.twimg.com/media/FPRXtmSWQAIizjc.jpg,1
https://pbs.twimg.com/media/FPRXVAnXIA4H2wt.jpg,1
https://pbs.twimg.com/media/FPRXVeFVEAYckLP.jpg,1
https://pbs.twimg.com/media/FPRXWnkX0AM7p_x.jpg,1
https://pbs.twimg.com/media/FPRXx50UcAAqZcB.jpg,1
https://pbs.twimg.com/media/FPRXYHHXwAAHEfJ.jpg,1
https://pbs.twimg.com/media/FPRXYnWWUAIbph6.jpg,1
https://pbs.twimg.com/media/FPRXz-fVEAA86N3.jpg,1
https://pbs.twimg.com/media/FPRzFJMXoAQAOB0.jpg,0
https://pbs.twimg.com/media/FPs_qfWX0AI1nAJ.jpg,0
https://pbs.twimg.com/media/FPs3GMHVIAIUlxt.jpg,0
https://pbs.twimg.com/media/FPSCMFvWYAwvoVO.jpg,2
https://pbs.twimg.com/media/FPSJws3WYAo1sNl.jpg,1
https://pbs.twimg.com/media/FPsKvqIWUAIqtQu.jpg,2
https://pbs.twimg.com/media/FPSLBVTXoAkk6Sa.jpg,2
https://pbs.twimg.com/media/FPSLgSuXsAEMNve.jpg,2
https://pbs.twimg.com/media/FPslNEIaUAYcSEY.jpg,0
https://pbs.twimg.com/media/FPSM_1vWYAAsTJW.jpg,1
https://pbs.twimg.com/media/FPSM4NUX0AARpms.jpg,1
https://pbs.twimg.com/media/FPSM4r4XoAY25Pe.jpg,1
https://pbs.twimg.com/media/FPSM4r6WUAIZUxc.jpg,1
https://pbs.twimg.com/media/FPSM4r6X0AApp3u.jpg,1
https://pbs.twimg.com/media/FPSM4r6X0AEuTtE.jpg,1
https://pbs.twimg.com/media/FPSMbn-VUAM1E-W.jpg,0
https://pbs.twimg.com/media/FPSMeQzXsAQs0FX.jpg,0
https://pbs.twimg.com/media/FPSMfUzXIAILPjD.jpg,0
https://pbs.twimg.com/media/FPSMieeXMAMqx_B.jpg,0
https://pbs.twimg.com/media/FPSMiP4WUAAp-Hi.jpg,2
https://pbs.twimg.com/media/FPSMjdCXwAsacd8.jpg,0
https://pbs.twimg.com/media/FPSMkthVQAEj_zY.png,2
https://pbs.twimg.com/media/FPSMTx9XEAAC5qv.png,0
https://pbs.twimg.com/media/FPSMwrcX0Akmd-V.jpg,1
https://pbs.twimg.com/media/FPSMxYGWYAAyw04.jpg,2
https://pbs.twimg.com/media/FPSNBdtXIAQV3wz.jpg,1
https://pbs.twimg.com/media/FPSNC11WYAEmEhb.jpg,1
https://pbs.twimg.com/media/FPSNCA3X0AMQlM1.jpg,1
https://pbs.twimg.com/media/FPSNEs4XIAgVrhI.jpg,1
https://pbs.twimg.com/media/FPSNEs5WQAQGOEd.jpg,1
https://pbs.twimg.com/media/FPSNFXmXEAQ038E.jpg,1
https://pbs.twimg.com/media/FPSNG5cUYAQ5k1r.jpg,1
https://pbs.twimg.com/media/FPSNG5cVQAEcHwX.jpg,1
https://pbs.twimg.com/media/FPSNG5eUcAEudaJ.jpg,1
https://pbs.twimg.com/media/FPSNHPjXoAYVk64.jpg,1
https://pbs.twimg.com/media/FPsNv5pWUBAdDYy.jpg,0
https://pbs.twimg.com/media/FPsoBo4VkAER6my.jpg,0
https://pbs.twimg.com/media/FPsOd0zX0AEgWgk.jpg,0
https://pbs.twimg.com/media/FPStmelVcAAtrU0.jpg,2
https://pbs.twimg.com/media/FPt-ynRX0AQ7pXY.png,0
https://pbs.twimg.com/media/FPt1UPYacAYY_6P.jpg,0
https://pbs.twimg.com/media/FPt1UPZaMAMGGns.jpg,0
https://pbs.twimg.com/media/FPT1UZzX0AIf-ie.jpg,1
https://pbs.twimg.com/media/FPT1YjoXwAM_8E8.jpg,1
https://pbs.twimg.com/media/FPt5bViaAAA1VD6.jpg,0
https://pbs.twimg.com/media/FPt5chjaUAYialz.jpg,0
https://pbs.twimg.com/media/FPT5IOkVgAEe1Mf.jpg,1
https://pbs.twimg.com/media/FPTQtlBXEAcGZoR.jpg,1
https://pbs.twimg.com/media/FPtzxr6WUAILmi6.jpg,1
https://pbs.twimg.com/media/FPu28bcVQAYG6tW.jpg,0
https://pbs.twimg.com/media/FPU2shqVQAIWXYt.jpg,0
https://pbs.twimg.com/media/FPu9hFMXsAcSSfb.jpg,1
https://pbs.twimg.com/media/FPu9MX4aQAIZHkr.jpg,2
https://pbs.twimg.com/media/FPu9nrmWYAUHc2V.jpg,1
https://pbs.twimg.com/media/FPu9NSJXIAA03F5.jpg,1
https://pbs.twimg.com/media/FPu9P8JVEAYQ06y.jpg,1
https://pbs.twimg.com/media/FPu9Q2laQAE1dik.jpg,2
https://pbs.twimg.com/media/FPu9sioX0AERViD.jpg,1
https://pbs.twimg.com/media/FPu9V2KWQAAcYFv.jpg,1
https://pbs.twimg.com/media/FPu9Zm1agAIxX32.jpg,0
https://pbs.twimg.com/media/FPUd8J1aIAMQzlc.jpg,0
https://pbs.twimg.com/media/FPUgGaoWUAQHv4y.jpg,2
https://pbs.twimg.com/media/FPugioAakAEeQa2.jpg,0
https://pbs.twimg.com/media/FPUgipNXIAEdxlv.jpg,1
https://pbs.twimg.com/media/FPuHO5kaMAA-CgK.jpg,2
https://pbs.twimg.com/media/FPuHO5maMAQNb3l.jpg,2
https://pbs.twimg.com/media/FPUlv0_VEAU1koj.jpg,2
https://pbs.twimg.com/media/FPumUr3VIAEzzTC.jpg,0
https://pbs.twimg.com/media/FPUPdlGXMAUxNM-.jpg,2
https://pbs.twimg.com/media/FPUPdu4XsAEErOj.jpg,2
https://pbs.twimg.com/media/FPUqe0_XwAIaiHL.jpg,2
https://pbs.twimg.com/media/FPV-qO4VsAIMg05.jpg,2
https://pbs.twimg.com/media/FPV-r_YVEAMrdst.jpg,2
https://pbs.twimg.com/media/FPV-rKHVIAQ14HJ.jpg,2
https://pbs.twimg.com/media/FPV75EhWUAIbqQv.jpg,1
https://pbs.twimg.com/media/FPVbbwaXEAIjHHO.jpg,2
https://pbs.twimg.com/media/FPvc_37WUAUWiO8.jpg,0
https://pbs.twimg.com/media/FPvcA2oaQAYFcR2.jpg,0
https://pbs.twimg.com/media/FPvcD70X0AUS1d3.jpg,0
https://pbs.twimg.com/media/FPvcGydVkAka9jq.jpg,0
https://pbs.twimg.com/media/FPvcivdXEAAc1GI.jpg,0
https://pbs.twimg.com/media/FPvcJ22VcAUK7V5.jpg,1
https://pbs.twimg.com/media/FPvcUX2XMAIxPn7.jpg,1
https://pbs.twimg.com/media/FPvcVNtXoAIp65Q.jpg,1
https://pbs.twimg.com/media/FPvdRLtWYAYTpr0.jpg,0
https://pbs.twimg.com/media/FPvE5iWWUAAiSfq.jpg,1
https://pbs.twimg.com/media/FPvETQ-aMAETe9f.jpg,0
https://pbs.twimg.com/media/FPvFPPRXIAcZEJ6.jpg,1
https://pbs.twimg.com/media/FPvFqkrXEAAwYIZ.jpg,1
https://pbs.twimg.com/media/FPvG76nXMAE5-PX.jpg,1
https://pbs.twimg.com/media/FPvG9jmXIAExDmN.jpg,1
https://pbs.twimg.com/media/FPvHBtJaMAU0Ndy.jpg,1
https://pbs.twimg.com/media/FPvHErcWUAgu5ps.jpg,0
https://pbs.twimg.com/media/FPvHFbMXoAQ3bIp.jpg,0
https://pbs.twimg.com/media/FPvHHFlVkAU4zqA.jpg,0
https://pbs.twimg.com/media/FPvHHs5XMAQs86V.jpg,1
https://pbs.twimg.com/media/FPvHIqEWYAkV5tR.jpg,0
https://pbs.twimg.com/media/FPvHL_qaIAIw_kW.jpg,0
https://pbs.twimg.com/media/FPvHSSBVEAAs78T.jpg,1
https://pbs.twimg.com/media/FPvHUT-WYAEYq9k.jpg,1
https://pbs.twimg.com/media/FPviArAVEAQFvhP.jpg,0
https://pbs.twimg.com/media/FPvIGIpVIAU1gJp.jpg,0
https://pbs.twimg.com/media/FPVK7KEVcAIW26k.jpg,0
https://pbs.twimg.com/media/FPVl5MWVQAI6C8l.jpg,1
https://pbs.twimg.com/media/FPVLqyoX0AAYPtp.jpg,0
https://pbs.twimg.com/media/FPvMn6mXEAAQTLF.jpg,0
https://pbs.twimg.com/media/FPVMOzgXoAEAeUi.jpg,2
https://pbs.twimg.com/media/FPVnge7VIAA-epS.jpg,2
https://pbs.twimg.com/media/FPvPu_3akAYn2Ga.jpg,0
https://pbs.twimg.com/media/FPvSMSeaMAENI0k.jpg,0
https://pbs.twimg.com/media/FPVtquwXoAA5Sz_.jpg,0
https://pbs.twimg.com/media/FPvUB3lXwAUoVpl.jpg,1
https://pbs.twimg.com/media/FPVWia2WQAE0ZQ6.jpg,0
https://pbs.twimg.com/media/FPVWqvGVcAIP1sB.jpg,0
https://pbs.twimg.com/media/FPVwWXDaQAQHZXT.jpg,1
https://pbs.twimg.com/media/FPVXE4kWQAYGqAL.jpg,2
https://pbs.twimg.com/media/FPVXE4mXwAsIke9.jpg,2
https://pbs.twimg.com/media/FPvXooJXoAoBucG.jpg,0
https://pbs.twimg.com/media/FPvY_ntXIAUxWaJ.jpg,0
https://pbs.twimg.com/media/FPVyg3hXEAEadzF.jpg,2
https://pbs.twimg.com/media/FPvZAoeUcAIk43j.jpg,2
https://pbs.twimg.com/media/FPvZtdeVUAUsvUY.jpg,0
https://pbs.twimg.com/media/FPVZXqVagAAn4KT.jpg,0
https://pbs.twimg.com/media/FPW1VpOVsAETx9k.jpg,0
https://pbs.twimg.com/media/FPW1VynUcAI2c33.jpg,2
https://pbs.twimg.com/media/FPWALu6XIAI_cW7.png,0
https://pbs.twimg.com/media/FPWIXtxXsAwLdhD.jpg,2
https://pbs.twimg.com/media/FPWJ2sAaAAgODGh.png,0
https://pbs.twimg.com/media/FPWLNl-X0AEJAHZ.jpg,2
https://pbs.twimg.com/media/FPWMRQmXIAsrwVA.jpg,2
https://pbs.twimg.com/media/FPWQ0ajXMAkS4Fi.jpg,1
https://pbs.twimg.com/media/FPWQ4w1VcAIV7mp.jpg,1
https://pbs.twimg.com/media/FPWQ8SiXEAUlXpz.jpg,1
https://pbs.twimg.com/media/FPWQ9IOWQAQZo9j.jpg,0
https://pbs.twimg.com/media/FPWQfL3WYAYGCsO.jpg,2
https://pbs.twimg.com/media/FPWQfL3XIAEtlWJ.jpg,2
https://pbs.twimg.com/media/FPWQh0bXIAU0l9t.jpg,2
https://pbs.twimg.com/media/FPWQh0cXMAovp8p.jpg,2
https://pbs.twimg.com/media/FPWQiehWUAcNKiu.jpg,0
https://pbs.twimg.com/media/FPWQiQTagAMmAru.jpg,0
https://pbs.twimg.com/media/FPWQisyaAAg7rY5.jpg,0
https://pbs.twimg.com/media/FPWQjD0aIAANAb4.jpg,0
https://pbs.twimg.com/media/FPWQk-bWQAgpdUo.jpg,0
https://pbs.twimg.com/media/FPWQk1XXoAQEg1Z.jpg,0
https://pbs.twimg.com/media/FPWQmwkX0AI2w84.jpg,0
https://pbs.twimg.com/media/FPWQn19VcAk26-N.jpg,0
https://pbs.twimg.com/media/FPWQnfVVkAkgxsw.jpg,0
https://pbs.twimg.com/media/FPWQoGgVsAIVNTp.jpg,0
https://pbs.twimg.com/media/FPWQoXCVgAAriHj.jpg,0
https://pbs.twimg.com/media/FPWQp5BWUAEyPuB.jpg,2
https://pbs.twimg.com/media/FPWQpcFWYAQRa_D.jpg,2
https://pbs.twimg.com/media/FPWQrrvX0AYi9Ja.jpg,0
https://pbs.twimg.com/media/FPWQrxeVEAQfdHw.jpg,0
https://pbs.twimg.com/media/FPWQsK0VsAIb7N9.jpg,0
https://pbs.twimg.com/media/FPWQslHXIAMc0vf.jpg,0
https://pbs.twimg.com/media/FPWRbNSagAAIyzv.jpg,2
https://pbs.twimg.com/media/FPWRCqCWQAgVA_G.jpg,2
https://pbs.twimg.com/media/FPWRE2aWUAsk_w9.jpg,1
https://pbs.twimg.com/media/FPWReF5XoAMSKgq.jpg,2
https://pbs.twimg.com/media/FPWRGEoVkAwuuQ_.jpg,2
https://pbs.twimg.com/media/FPWRGpUWYAcMEc4.jpg,2
https://pbs.twimg.com/media/FPWRHSsVgAQ-cw4.jpg,2
https://pbs.twimg.com/media/FPWRhtDXoAsFp0o.jpg,0
https://pbs.twimg.com/media/FPWRI6nVkAUhTQT.jpg,1
https://pbs.twimg.com/media/FPWRNr1XIAIAetp.jpg,2
https://pbs.twimg.com/media/FPWRt2SXsAQalxb.jpg,1
https://pbs.twimg.com/media/FPWRwHtWUA4qHR1.jpg,1
https://pbs.twimg.com/media/FPWRWvvWUAABHj2.jpg,0
https://pbs.twimg.com/media/FPWRYxVWYAwk_AF.jpg,0
https://pbs.twimg.com/media/FPWRZ1KXIAQ40jE.jpg,1
https://pbs.twimg.com/media/FPWS08KXwAMxH7B.jpg,2
https://pbs.twimg.com/media/FPWS08LXsAUfb0C.jpg,2
https://pbs.twimg.com/media/FPWS21_XMAMkAnQ.jpg,1
https://pbs.twimg.com/media/FPWS2wbXEAU8ry2.jpg,1
https://pbs.twimg.com/media/FPWSnTjX0AMK5tz.jpg,1
https://pbs.twimg.com/media/FPWSo4GXwAIosJG.jpg,1
https://pbs.twimg.com/media/FPWSo4HWYAEAmxM.jpg,1
https://pbs.twimg.com/media/FPWSpvtWQAY4iW9.jpg,1
https://pbs.twimg.com/media/FPWSs5BX0AURrUT.jpg,1
https://pbs.twimg.com/media/FPWStpuWQAYgCgi.jpg,1
https://pbs.twimg.com/media/FPWSwoQWQAUlydL.jpg,2
https://pbs.twimg.com/media/FPWSyKWXEAYCptu.jpg,1
https://pbs.twimg.com/media/FPWSyojXoAQAmTc.jpg,1
https://pbs.twimg.com/media/FPWTH79XoAMdQlO.jpg,0
https://pbs.twimg.com/media/FPWTI7MVkAEBPOl.jpg,0
https://pbs.twimg.com/media/FPWTIwAXEAYbG-R.jpg,0
https://pbs.twimg.com/media/FPWTO9tVkAUEq8-.jpg,0
https://pbs.twimg.com/media/FPWTPDbXMAQkSWq.jpg,0
https://pbs.twimg.com/media/FPWTQbYXoAITOMB.jpg,0
https://pbs.twimg.com/media/FPWTQG-XoAQvWSJ.jpg,0
https://pbs.twimg.com/media/FPWTQHMX0AcCORE.jpg,0
https://pbs.twimg.com/media/FPWTURZXoAMYbdb.jpg,0
https://pbs.twimg.com/media/FPYAMOAakAQKhEo.jpg,0
https://pbs.twimg.com/media/FPYFVy3WYAA8DSZ.jpg,0
https://pbs.twimg.com/media/FPYFVzXWYAYFiLs.jpg,0
https://pbs.twimg.com/media/FPYW1HMXsAAuLEO.jpg,2
https://pbs.twimg.com/media/FPZ_sm1aAAgRuep.jpg,0
https://pbs.twimg.com/media/FPZ_smeacAEOTi_.jpg,0
https://pbs.twimg.com/media/FPZ5aObUYAQZcK5.jpg,2
https://pbs.twimg.com/media/FPZ5aOcVQAQtpop.jpg,2
https://pbs.twimg.com/media/FPoVcy5VUAUnzoM.jpg,0
https://pbs.twimg.com/media/FPv1zhsVEBACOVZ.jpg,1
https://pbs.twimg.com/media/FPv1uFoVUAEojaP.jpg,1
https://pbs.twimg.com/media/FPv1tUKUcAAJSev.jpg,1
https://pbs.twimg.com/media/FPvPFsPVQAIN-Nt.jpg,1
https://pbs.twimg.com/media/FPvCLkTWQAIsbef.jpg,1
https://pbs.twimg.com/media/FPvCNTHWQAEJWtK.jpg,1
https://pbs.twimg.com/media/FPv1qmJVQAEkPAh.jpg,1
https://pbs.twimg.com/media/FPv1qHTVIBE_rfH.jpg,1
https://pbs.twimg.com/media/FPv1pQaVQAYqY74.jpg,1
https://pbs.twimg.com/media/FPv1pdgVIBIRi_o.jpg,1
https://pbs.twimg.com/media/FPv1llOVQAELjwS.jpg,2
https://pbs.twimg.com/media/FPvzb36VcAkZGiG.png,1
https://pbs.twimg.com/media/FPv1iS5UYAQVFFq.jpg,1
https://pbs.twimg.com/media/FPv1ZX5VUAoA7sO.jpg,1
https://pbs.twimg.com/media/FPv1ddXVcAw7iu6.jpg,1
https://pbs.twimg.com/media/FPt1UPZaMAMGGns.jpg,0
https://pbs.twimg.com/media/FPt1UPYacAYY_6P.jpg,0
https://pbs.twimg.com/media/FPu28bcVQAYG6tW.jpg,0
https://pbs.twimg.com/media/FPuLRLWaUAAZeFA.jpg,0
https://pbs.twimg.com/media/FPuLRLsacAQJi2l.jpg,0
https://pbs.twimg.com/media/FPv2ARJVsAc4qVs.jpg,2
https://pbs.twimg.com/media/FPt1UPYacAYY_6P.jpg,0
https://pbs.twimg.com/media/FPu2QIAX0AEkU8V.jpg,0
https://pbs.twimg.com/media/FPv3RJuVUAsFCkn.jpg,0
https://pbs.twimg.com/media/FPq0Kd4XMAcRiR8.jpg,0
https://pbs.twimg.com/media/FPqbCZVXIAQ_G7R.jpg,0
https://pbs.twimg.com/media/FPv2O72VkAkVujR.jpg,0
https://pbs.twimg.com/media/FPpemzFUcAAiTBx.jpg,0
https://pbs.twimg.com/media/FPvyg9JaMAc4-W_.jpg,0
https://pbs.twimg.com/media/FPruWYlVcAATYo3.jpg,0
https://pbs.twimg.com/media/FPsNv5pWUBAdDYy.jpg,0
https://pbs.twimg.com/media/FPv2HOzVkAAvMKL.jpg,2
https://pbs.twimg.com/media/FPv3FjPVIAMDqKD.jpg,0
https://pbs.twimg.com/media/FPpNg5iVIAQdhXb.jpg,2
https://pbs.twimg.com/media/FPvq6jzUcAM1hAC.jpg,1
https://pbs.twimg.com/media/FPvzxg7VEAwxQm0.jpg,1
https://pbs.twimg.com/media/FPrcPx_XoAEIt8y.jpg,1
https://pbs.twimg.com/media/FPv3WEZUcAYr3ph.jpg,1
https://pbs.twimg.com/media/FPv3WStVcBUI0e2.jpg,1
https://pbs.twimg.com/media/FPvPFsPVQAIN-Nt.jpg,1
https://pbs.twimg.com/media/FPv3T9LVkAYeKjI.jpg,1
https://pbs.twimg.com/media/FPv3SPyUcAIbk6M.jpg,1
https://pbs.twimg.com/media/FPv3CljVUA40oQK.jpg,1
https://pbs.twimg.com/media/FPv3NTlUYAIXfHy.jpg,1
https://pbs.twimg.com/media/FPv3MgZVQA8gwBD.jpg,1
https://pbs.twimg.com/media/FPv3JCZVgBEGYdO.jpg,1
https://pbs.twimg.com/media/FPv3JCuVsA8EpkZ.jpg,1
https://pbs.twimg.com/media/FPv3JDvVIAMsq-d.jpg,1
https://pbs.twimg.com/media/FPv3JGWVcAc0_FI.jpg,1
https://pbs.twimg.com/media/FPvOM6RUYAQ9F0f.jpg,1
https://pbs.twimg.com/media/FPot60lXsAA8b1-.jpg,1
https://pbs.twimg.com/media/FPv3EJ7VkAsbTFQ.jpg,1
https://pbs.twimg.com/media/FPv3EJ3UcAo0mhB.jpg,1
https://pbs.twimg.com/media/FPv3DmIVUA8aljg.jpg,1
https://pbs.twimg.com/media/FPruWYlVcAATYo3.jpg,0
https://pbs.twimg.com/media/FPv4CLaVsAQWPfp.jpg,0
https://pbs.twimg.com/media/FPv4CdJVIA8vZ-U.jpg,0
https://pbs.twimg.com/media/FPu6Qw-VsAQRCPc.jpg,0
https://pbs.twimg.com/media/FPvy1e3VsAgBJmG.png,2
https://pbs.twimg.com/media/FPv3_GjUcA0D_QW.jpg,2
https://pbs.twimg.com/media/FPv3-zEVkAsjP6v.jpg,0
https://pbs.twimg.com/media/FPv3-VHakAkhRUF.jpg,0
https://pbs.twimg.com/media/FPvTgWsacAQmYRM.jpg,0
https://pbs.twimg.com/media/FPqcPDAXsAYBwMs.jpg,0
https://pbs.twimg.com/media/FPstAcEVUAg3Xmn.jpg,0
https://pbs.twimg.com/media/FPfNn7cUcAAw_pL.jpg,0
https://pbs.twimg.com/media/FPwDPgbVEAQMwhQ.jpg,0
https://pbs.twimg.com/media/BbFSj6SCUAEDyuv.jpg,0
https://pbs.twimg.com/media/FPruWYlVcAATYo3.jpg,0
https://pbs.twimg.com/media/FPwDcQpVcAAoMCf.jpg,0
https://pbs.twimg.com/media/FPsmMKraQAATYy5.jpg,0
https://pbs.twimg.com/media/FPA3zWlagAQdOOn.jpg,0
https://pbs.twimg.com/media/FPQgfYrX0Ag3xoa.jpg,0
https://pbs.twimg.com/media/FPtx_G0acAQ2Mdf.jpg,2
https://pbs.twimg.com/media/FPqbCZVXIAQ_G7R.jpg,0
https://pbs.twimg.com/media/FPsNv5pWUBAdDYy.jpg,0
https://pbs.twimg.com/media/FPt5chjaUAYialz.jpg,0
https://pbs.twimg.com/media/BY899IbCYAAAYCz.jpg,0
https://pbs.twimg.com/media/FPwDorgUcAwwHgZ.jpg,1
https://pbs.twimg.com/media/FPpNg5iVIAQdhXb.jpg,2
https://pbs.twimg.com/media/FPwDoLsVsAgBPml.jpg,1
https://pbs.twimg.com/media/FPrcPx_XoAEIt8y.jpg,1
https://pbs.twimg.com/media/FPvfQMzVcAA4tJf.jpg,1
https://pbs.twimg.com/media/FPwDicYVEAYjnzS.jpg,1
https://pbs.twimg.com/media/FPjRTOpUcAUtyQa.jpg,1
https://pbs.twimg.com/media/FPot60lXsAA8b1-.jpg,1
https://pbs.twimg.com/media/FPwDW5qVkAw8q2t.jpg,1
https://pbs.twimg.com/media/FPwDbQiVcAQbr0t.jpg,1
https://pbs.twimg.com/media/FPrD0KjX0AIN61N.jpg,1
https://pbs.twimg.com/media/FPwDa9MVUAsyrwB.jpg,1
https://pbs.twimg.com/media/FPqVfOTXoAYTLg5.jpg,1
https://pbs.twimg.com/media/FPv_RrFVQA8sTM8.jpg,0
https://pbs.twimg.com/media/FPwEKcdaMAUpvOi.jpg,0
https://pbs.twimg.com/media/FPwEAz1UYAQmfvK.jpg,0
https://pbs.twimg.com/media/FPwEG7ZVsAoV1pm.jpg,0
https://pbs.twimg.com/media/FPwDc_VVQAIWYNs.jpg,0
https://pbs.twimg.com/media/FPvi3-_acAEDoAQ.jpg,2
https://pbs.twimg.com/media/FPvi3_CaUAITugL.jpg,2
https://pbs.twimg.com/media/FPvi3_ZaAAYoub8.jpg,2
https://pbs.twimg.com/media/FPqbCZVXIAQ_G7R.jpg,0
https://pbs.twimg.com/media/FPruWYlVcAATYo3.jpg,0
https://pbs.twimg.com/media/FPt1UPZaMAMGGns.jpg,0
https://pbs.twimg.com/media/FPt1UPYacAYY_6P.jpg,0
https://pbs.twimg.com/media/FPt5chjaUAYialz.jpg,0
https://pbs.twimg.com/media/FOZeq7cVEAMuqiG.jpg,0
https://pbs.twimg.com/media/FPu6Qw-VsAQRCPc.jpg,0
https://pbs.twimg.com/media/FPvjcV0VcAEwSnF.jpg,0
https://pbs.twimg.com/media/FPvj1PRXwAYNiMw.jpg,0
https://pbs.twimg.com/media/FPvj3v0WYAU-6CX.jpg,2
https://pbs.twimg.com/media/FPvjvM8WYAUgR4V.jpg,0
https://pbs.twimg.com/media/FPvjyjKXEAwqAY6.jpg,0
https://pbs.twimg.com/media/FPvjyjKXEAwqAY6.jpg,0
https://pbs.twimg.com/media/FPvj0mCXwAQLcAA.jpg,0
https://pbs.twimg.com/media/FPumUr3VIAEzzTC.jpg,0
https://pbs.twimg.com/media/FPqbCZVXIAQ_G7R.jpg,0
https://pbs.twimg.com/media/FPvj09jWUAkIyTf.jpg,0
https://pbs.twimg.com/media/FPvj09jWUAkIyTf.jpg,0
https://pbs.twimg.com/media/FPvj09jWUAkIyTf.jpg,0
https://pbs.twimg.com/media/FPvj09jWUAkIyTf.jpg,0
https://pbs.twimg.com/media/FPvj09jWUAkIyTf.jpg,0
https://pbs.twimg.com/media/FPvj09jWUAkIyTf.jpg,0
https://pbs.twimg.com/media/FPvj09jWUAkIyTf.jpg,0
https://pbs.twimg.com/media/FPvj09jWUAkIyTf.jpg,0
https://pbs.twimg.com/media/FPvj09jWUAkIyTf.jpg,0
https://pbs.twimg.com/media/FPvj09jWUAkIyTf.jpg,0
https://pbs.twimg.com/media/FPvj09jWUAkIyTf.jpg,0
https://pbs.twimg.com/media/FPvj09jWUAkIyTf.jpg,0
https://pbs.twimg.com/media/FPvj09jWUAkIyTf.jpg,0
https://pbs.twimg.com/media/FPqbCZVXIAQ_G7R.jpg,0
https://pbs.twimg.com/media/FPvkndsWYAISJ0_.jpg,0
https://pbs.twimg.com/media/FPvkmSuWYAUgttt.jpg,0
https://pbs.twimg.com/media/FPvkC7WXoAIb2E9.jpg,0
https://pbs.twimg.com/media/FPvkC7WXoAIb2E9.jpg,0
https://pbs.twimg.com/media/FPvkC7WXoAIb2E9.jpg,0
https://pbs.twimg.com/media/FPvkC7WXoAIb2E9.jpg,0
https://pbs.twimg.com/media/FPvkC7WXoAIb2E9.jpg,0
https://pbs.twimg.com/media/FPsmMKraQAATYy5.jpg,0
https://pbs.twimg.com/media/FPvkINMXMAMHrdY.jpg,0
https://pbs.twimg.com/media/FPvk8KgXwAMUbaR.jpg,0
https://pbs.twimg.com/media/FPvk8KgXwAMUbaR.jpg,0
https://pbs.twimg.com/media/FPvk8KgXwAMUbaR.jpg,0
https://pbs.twimg.com/media/FPvk8KgXwAMUbaR.jpg,0
https://pbs.twimg.com/media/FPvk8KgXwAMUbaR.jpg,0
https://pbs.twimg.com/media/FPqbCZVXIAQ_G7R.jpg,0
https://pbs.twimg.com/media/FPq0Kd4XMAcRiR8.jpg,0
https://pbs.twimg.com/media/FPt5chjaUAYialz.jpg,0
https://pbs.twimg.com/media/FPwECBqWQAAz0KV.jpg,0
https://pbs.twimg.com/media/FPwECQ6VkAIGnla.jpg,0
https://pbs.twimg.com/media/FPpyLRWaQAIwJtk.jpg,0
https://pbs.twimg.com/media/FPlc-AFXMAI0Fmz.jpg,0
https://pbs.twimg.com/media/FPwN5F-XIAAvsP3.jpg,0
https://pbs.twimg.com/media/FPwN4ouXoAklL_x.jpg,0
https://pbs.twimg.com/media/FPvoIs3VQAQufey.jpg,0
https://pbs.twimg.com/media/FPvuj-CVUAAzoiq.jpg,0
https://pbs.twimg.com/media/FPqbCZVXIAQ_G7R.jpg,0
https://pbs.twimg.com/media/FPwN0BoWYAA2tqr.jpg,0
https://pbs.twimg.com/media/FPthr3TVIAEsEIg.jpg,0
https://pbs.twimg.com/media/FPu6Qw-VsAQRCPc.jpg,0
https://pbs.twimg.com/media/FPruWYlVcAATYo3.jpg,0
https://pbs.twimg.com/media/FPwNxZjXwAczX6d.jpg,0
https://pbs.twimg.com/media/FPwNxb4XwAkUAio.jpg,0
https://pbs.twimg.com/media/FPiu_l9XsAMvXVC.jpg,0
https://pbs.twimg.com/media/FPwNugYXIAAOydJ.jpg,0
https://pbs.twimg.com/media/FPwNtfpX0AcqzkE.jpg,0
https://pbs.twimg.com/media/FPvl7JpXsAkSRjS.jpg,0
https://pbs.twimg.com/media/FPs3GMHVIAIUlxt.jpg,0
https://pbs.twimg.com/media/FPs3GMHVIAIUlxt.jpg,0
https://pbs.twimg.com/media/FPs3GMHVIAIUlxt.jpg,0
https://pbs.twimg.com/media/FPvmrkXXsAojy3_.jpg,0
https://pbs.twimg.com/media/FPumUr3VIAEzzTC.jpg,0
https://pbs.twimg.com/media/FPvmfj8XoAgTdoQ.jpg,0
https://pbs.twimg.com/media/FPvmqbKUYAEIZhW.jpg,0
https://pbs.twimg.com/media/FPvlbOEXoAoS4A_.jpg,2
https://pbs.twimg.com/media/FPvlsveXwAUwJpT.jpg,2
https://pbs.twimg.com/media/FPvmoCkUcAIHO04.jpg,0
https://pbs.twimg.com/media/FPvmoCjVkAAKGCC.jpg,0
https://pbs.twimg.com/media/FPvmoCkVEAEdenb.jpg,0
https://pbs.twimg.com/media/FPvlr83VcAUHstk.jpg,0
https://pbs.twimg.com/media/FPvlr8zVsAI7l1A.jpg,0
https://pbs.twimg.com/media/FPvlr81VEAEiXhu.jpg,0
https://pbs.twimg.com/media/FPvlr9TVkAUi4VT.jpg,0
https://pbs.twimg.com/media/FPruWYlVcAATYo3.jpg,0
https://pbs.twimg.com/media/FPvmm8UVkAEWSay.jpg,0
https://pbs.twimg.com/media/FPsoBo4VkAER6my.jpg,0
https://pbs.twimg.com/media/FPu6Qw-VsAQRCPc.jpg,0
https://pbs.twimg.com/media/FPuuSeUaMAA_rYO.jpg,0
https://pbs.twimg.com/media/FPt1UPZaMAMGGns.jpg,0
https://pbs.twimg.com/media/FPt1UPYacAYY_6P.jpg,0
https://pbs.twimg.com/media/FPqbCZVXIAQ_G7R.jpg,0
https://pbs.twimg.com/media/FPvoA34XIAwqJQV.jpg,0
https://pbs.twimg.com/media/FPt5chjaUAYialz.jpg,0
https://pbs.twimg.com/media/FPp5Py-UYAMKA8B.jpg,0
https://pbs.twimg.com/media/FPsNv5pWUBAdDYy.jpg,0
https://pbs.twimg.com/media/FPvn6d_WUAQlXuF.jpg,0
https://pbs.twimg.com/media/FPugioAakAEeQa2.jpg,0
https://pbs.twimg.com/media/FPu28bcVQAYG6tW.jpg,0
https://pbs.twimg.com/media/FPvyvy6VkAgdrTV.jpg,0
https://pbs.twimg.com/media/FPrWY7kXMAA1HtO.jpg,0
https://pbs.twimg.com/media/FMk3wZaaUAIlAzK.jpg,0
https://pbs.twimg.com/media/FPvuj-CVUAAzoiq.jpg,0
https://pbs.twimg.com/media/FPuItPvWQAUq0uX.jpg,0
https://pbs.twimg.com/media/FPvyg9JaMAc4-W_.jpg,0
https://pbs.twimg.com/media/FPsNv5pWUBAdDYy.jpg,0
https://pbs.twimg.com/media/FPtqkMrX0AE2IJw.jpg,0
https://pbs.twimg.com/media/FPvY75aVsAQ6huM.jpg,0
https://pbs.twimg.com/media/FN9rVeFaMAMy2nb.jpg,2
https://pbs.twimg.com/media/FN9rVeSakAAjyqt.jpg,2
https://pbs.twimg.com/media/FPkuVQBUYAAH2DI.png,0
https://pbs.twimg.com/media/FPvuuRlUYBEuhP5.jpg,0
https://pbs.twimg.com/media/FPvuxRLVUAY-B_W.jpg,0
https://pbs.twimg.com/media/FPvveTgUcAUe9GB.jpg,0
https://pbs.twimg.com/media/FPu6Qw-VsAQRCPc.jpg,0
https://pbs.twimg.com/media/FPsmMKraQAATYy5.jpg,0
https://pbs.twimg.com/media/FPruWYlVcAATYo3.jpg,0
https://pbs.twimg.com/media/FPvyoyyVkAUYMUq.jpg,0
https://pbs.twimg.com/media/FPvyms7VkAgZHrr.jpg,0
https://pbs.twimg.com/media/FPvrobKVkAYI7NG.jpg,2
https://pbs.twimg.com/media/FPvy4dbVsBEQzO8.jpg,1
https://pbs.twimg.com/media/FPvy_SzVcAsX0xh.jpg,1
https://pbs.twimg.com/media/FPvy-jWaQAQRIX9.jpg,1
https://pbs.twimg.com/media/FPvy-jbaAAAv3b8.jpg,1
https://pbs.twimg.com/media/FPvy95TVkAco2Ad.jpg,1
https://pbs.twimg.com/media/FPvy6ZyVkAMNa6k.jpg,1
https://pbs.twimg.com/media/FPvy2lfaQAA_aoy.jpg,2
https://pbs.twimg.com/media/FPvy2XbVkAUrGxB.jpg,1
https://pbs.twimg.com/media/FPwQnVIXsAUup9W.jpg,0
https://pbs.twimg.com/media/FPwQncyXwAI-Cy2.jpg,0
https://pbs.twimg.com/media/FPwQETMXwAIIX53.jpg,0
https://pbs.twimg.com/media/FPwQESmXoAk0gxl.jpg,0
https://pbs.twimg.com/media/FPsNv5pWUBAdDYy.jpg,0
https://pbs.twimg.com/media/FPruWYlVcAATYo3.jpg,0
https://pbs.twimg.com/media/FPwQmrWWQAUgrLe.jpg,0
https://pbs.twimg.com/media/FPwQgzwXMAU99XK.jpg,0
https://pbs.twimg.com/media/FPp5Py-UYAMKA8B.jpg,0
https://pbs.twimg.com/media/FPwQhT8XIAoWkCJ.jpg,0
https://pbs.twimg.com/media/FPwQglwXIAoJFiM.jpg,0
https://pbs.twimg.com/media/FPwQfjUXwAIMl1S.jpg,0
https://pbs.twimg.com/media/FPwQfSyXwAcUyGN.jpg,0
https://pbs.twimg.com/media/FPt1UPZaMAMGGns.jpg,0
https://pbs.twimg.com/media/FPt1UPYacAYY_6P.jpg,0
https://pbs.twimg.com/media/FPwQViUXMAYJUuv.jpg,0
https://pbs.twimg.com/media/FPwQymZUYAgnIz9.jpg,1
https://pbs.twimg.com/media/FPwQynDVkAA4StM.jpg,1
https://pbs.twimg.com/media/FPwQvw7VIAAv7qn.jpg,1
https://pbs.twimg.com/media/FPwQvBuWUAweflk.jpg,1
https://pbs.twimg.com/media/FPvfQMzVcAA4tJf.jpg,1
https://pbs.twimg.com/media/FPwQo9dXIAA9AbW.jpg,1
https://pbs.twimg.com/media/FPvOM6RUYAQ9F0f.jpg,1
https://pbs.twimg.com/media/FPot60lXsAA8b1-.jpg,1
https://pbs.twimg.com/media/FPsNv5pWUBAdDYy.jpg,0
https://pbs.twimg.com/media/FPwVY9DX0AA3CxN.jpg,0
https://pbs.twimg.com/media/FPsNv5pWUBAdDYy.jpg,0
https://pbs.twimg.com/media/FPwWRICWYAgPmOA.jpg,0
https://pbs.twimg.com/media/FPu6Qw-VsAQRCPc.jpg,0
https://pbs.twimg.com/media/FPsdFRhX0AoX5cI.jpg,0
https://pbs.twimg.com/media/FPpWmBjaIAEiG-P.jpg,0
https://pbs.twimg.com/media/FPwWNLjVkAIsDf_.jpg,0
https://pbs.twimg.com/media/FPr2EbYWQAkYg1k.jpg,2
https://pbs.twimg.com/media/FPwWMOlaAAE-dTc.jpg,0
https://pbs.twimg.com/media/FPwWKgGXIAYqzqw.jpg,0
https://pbs.twimg.com/media/FPwWZH0XsAYrcIB.jpg,1
https://pbs.twimg.com/media/FPwVIvqXwAIpaj_.png,1
https://pbs.twimg.com/media/FPwVLuEWQAQEYbR.png,1
https://pbs.twimg.com/media/FPwSurjacAMOBei.jpg,0
https://pbs.twimg.com/media/FPvVIQ7aAAU6-Jr.jpg,2
https://pbs.twimg.com/media/FPsNv5pWUBAdDYy.jpg,0
https://pbs.twimg.com/media/FPu6Qw-VsAQRCPc.jpg,0
https://pbs.twimg.com/media/FPwTC-GXsAgdVol.jpg,0
https://pbs.twimg.com/media/FPwTBcmWYAQIl9p.jpg,0
https://pbs.twimg.com/media/FPwS_2_XEAMaoHh.jpg,0
https://pbs.twimg.com/media/FPwSM7DXEAUZ5f4.jpg,2
https://pbs.twimg.com/media/FPwSNfRWQAYlzP6.jpg,2
https://pbs.twimg.com/media/FPwS_GKWUAUcqQ3.jpg,0
https://pbs.twimg.com/media/FPv4bnIUYA0XJng.jpg,0
https://pbs.twimg.com/media/FPwS8uXaAAEQcvY.jpg,0
https://pbs.twimg.com/media/FPtjWEtWQAMyaL-.jpg,0
https://pbs.twimg.com/media/FPwSrPaWYAYWMB2.jpg,0
https://pbs.twimg.com/media/FPq0Kd4XMAcRiR8.jpg,0
https://pbs.twimg.com/media/FPruWYlVcAATYo3.jpg,0
https://pbs.twimg.com/media/FPwS3k8VEAE3oPU.jpg,0
https://pbs.twimg.com/media/FPumUr3VIAEzzTC.jpg,0
https://pbs.twimg.com/media/FPwLfsCaAAI4sr0.jpg,0
https://pbs.twimg.com/media/FPwLgLwaQAYHjxC.jpg,0
https://pbs.twimg.com/media/FPvPFsPVQAIN-Nt.jpg,1
https://pbs.twimg.com/media/FPwWXS9UYAI2iUx.jpg,1
https://pbs.twimg.com/media/FPr6srsXsAkZbRv.jpg,1
https://pbs.twimg.com/media/FPwWBC4VUAADXqb.jpg,1
https://pbs.twimg.com/media/FPsPXHdXwAsJ-SP.png,1
https://pbs.twimg.com/media/FPrcPx_XoAEIt8y.jpg,1
https://pbs.twimg.com/media/FPwWOBSXEAcQw0V.jpg,1
https://pbs.twimg.com/media/FPwWMG7UYAI4QXv.jpg,1
https://pbs.twimg.com/media/FPwWKsqWYAkV5T9.jpg,1
https://pbs.twimg.com/media/FPpNg5iVIAQdhXb.jpg,1
https://pbs.twimg.com/media/FPwVv6kUYAAEyKf.jpg,2
https://pbs.twimg.com/media/FPwWHhGWYAEw8gl.jpg,1
https://pbs.twimg.com/media/FPrPwM0XEAkRVt5.jpg,1
https://pbs.twimg.com/media/FPv5wA3VkBUBxNx.png,2
https://pbs.twimg.com/media/FPruWYlVcAATYo3.jpg,0
https://pbs.twimg.com/media/FPtxo1uXsAAhFuy.jpg,2
https://pbs.twimg.com/media/FPwWqLLXoAUKloG.jpg,0
https://pbs.twimg.com/media/FPkuVQBUYAAH2DI.png,0
https://pbs.twimg.com/media/FPwWnplX0AApV3w.jpg,2
https://pbs.twimg.com/media/FPwWpy7UYAc1LE3.jpg,0
https://pbs.twimg.com/media/FPwWpkTUYAsyFD9.jpg,0
https://pbs.twimg.com/media/FPwWnXNXwAAbIzu.jpg,0
https://pbs.twimg.com/media/FPorijWX0AIku7q.png,2
https://pbs.twimg.com/media/FPrWY7kXMAA1HtO.jpg,0
https://pbs.twimg.com/media/FPwWnBuUYAQiyUd.jpg,0
https://pbs.twimg.com/media/FPwWl2HWQAQZQpm.jpg,0
https://pbs.twimg.com/media/FPwVlSeXoAAhhvv.jpg,2
https://pbs.twimg.com/media/FPv2KchUYAo99_s.jpg,0
https://pbs.twimg.com/media/FPwW35FXEAcBG5y.png,2
https://pbs.twimg.com/media/FPwWvyRXIAk5wln.png,2
https://pbs.twimg.com/media/FPwWrKYX0AY4EQk.jpg,1
https://pbs.twimg.com/media/FPwWsBAXIAQuNE9.jpg,1
https://pbs.twimg.com/media/FPwWrfzUcAEfjY8.jpg,1
https://pbs.twimg.com/media/FPwWq3bWQAMxPmK.jpg,1
https://pbs.twimg.com/media/FPnT-nqUYAA-4mq.jpg,1
https://pbs.twimg.com/media/FPvfQMzVcAA4tJf.jpg,1
https://pbs.twimg.com/media/FPwWgoRXIAk1zrs.jpg,1
https://pbs.twimg.com/media/FPwWgoVXoAMCFSK.jpg,1
https://pbs.twimg.com/media/FPrK1-LXwA4UAir.jpg,1
https://pbs.twimg.com/media/FPuDljNVUAMKavh.jpg,1
https://pbs.twimg.com/media/FPwWfVlUYAItnYq.jpg,1
https://pbs.twimg.com/media/FPwWd4RUYAISaui.jpg,1
https://pbs.twimg.com/media/FPwWd4TVUAE3jp7.jpg,1
https://pbs.twimg.com/media/FPwWd4SUYA4MUa0.jpg,1
https://pbs.twimg.com/media/FPwWd4uUYA80I3f.jpg,1
https://pbs.twimg.com/media/FPwWegmXoAA51-c.jpg,1
https://pbs.twimg.com/media/FPvOM6RUYAQ9F0f.jpg,1
https://pbs.twimg.com/media/FPwWYXMXIAA2qiI.jpg,1
https://pbs.twimg.com/media/FPwWbKoWQAMM2xO.jpg,2
https://pbs.twimg.com/media/FPkuVQBUYAAH2DI.png,0
https://pbs.twimg.com/media/FPumUr3VIAEzzTC.jpg,0
https://pbs.twimg.com/media/FPwXDzRXsAMNNe0.jpg,0
https://pbs.twimg.com/media/FPwXDc4WYBILPY1.jpg,0
https://pbs.twimg.com/media/FPvugOQagAEJJ9k.jpg,0
https://pbs.twimg.com/media/FEKt8DiUUAELlo0.jpg,0
https://pbs.twimg.com/media/FEKt8D3UcAE9TM_.jpg,0
https://pbs.twimg.com/media/FEKt8DjUYAMCqhB.jpg,0
https://pbs.twimg.com/media/FPvqD3uXEAQ_cCZ.jpg,2
https://pbs.twimg.com/media/FPszkaUVsAA2l-D.jpg,0
https://pbs.twimg.com/media/FPwW_i7XsAQ2D2g.jpg,2
https://pbs.twimg.com/media/FPwW-wIaAAUJavf.jpg,0
https://pbs.twimg.com/media/E45N12wVkAEKCOn.jpg,0
